"","species","A_abu","A_pa","B_abu","B_pa","C_abu","C_pa","D_abu","D_pa","pool_A_abu","pool_A_pa","pool_B_abu","pool_B_pa","pool_C_abu","pool_C_pa","pool_D_abu","pool_D_pa","Mig","Hab","Mass","Prev"
"1","Acrocephalus_palustris",0.524987457079542,0.620459401515052,0.393761958629653,0.608548162430735,0.119209287723029,0.277791344616382,0.226711970612743,0.262102048173043,0.531228602678604,0.815310701797898,0.451109453472314,0.814384760018327,-0.353655715795115,0.330453915687373,-0.219074625371746,0.35077006688089,"L","WE",12,0.081831832
"2","Acrocephalus_schoenobaenus",0.231501819026631,0.37736003038147,0.138659378012143,0.361627351240674,0.248753254339514,0.05474138759448,0.15105376729192,0.0572141353140188,0.108947190926342,0.316354945947502,0.146132281437994,0.343795541206452,-0.136524309417049,0.150903144927117,-0.0600213330973333,0.264034609819355,"L","WE",12,0.124624625
"3","Acrocephalus_scirpaceus",0.315910331624223,0.51412548065146,0.094009431659871,0.464917722604492,-0.139603935338712,-0.176291347177537,-0.137016370648838,-0.193652825259733,0.262234938579516,0.426461208419369,0.136776449818715,0.347446628630189,-0.100873255033413,-0.239207668479298,-0.00967639926889444,-0.251681385354928,"L","WE",13,0.147897898
"4","Actitis_hypoleucos",0.291589359170727,0.167240480251189,0.0593447406205058,0.109575714456594,-0.0582367767683079,0.0842395839704073,-0.133877855846498,-0.0759249636164498,0.216747815940797,0.162839364805504,0.180590931173523,0.123778455828812,0.0885991054485836,0.111624574153335,0.0798326379373788,-0.180751029048604,"L","WE",47.5,0.302552553
"5","Aegithalos_caudatus",0.401595759938437,0.36369967946654,0.207514774630336,0.350400145576474,0.37302464556386,-0.0384437581058113,-0.496564758348371,-0.0581772222342661,0.335742442285643,0.398826614877077,0.336617594097202,0.406817165046099,0.425356939885279,-0.0159963841652343,0.646041576098079,-0.0471190331913799,"R","FO",8,0.132132132
"6","Alauda_arvensis",0.671746130376395,0.799470132164645,0.649974719083446,0.791738076244431,-0.0357160166740629,-0.123592266651709,0.0283228332389176,-0.138092983882719,0.641826219819234,0.856491706991893,0.580921621460639,0.839919621380053,0.428429144900185,-0.290416306678125,0.438689458276281,-0.272868745148439,"S","CU",37,0.284534535
"7","Anas_crecca",0.240494789568931,0.20158627498403,-0.00281388077381685,0.158589234349014,-0.0896193236673048,-0.106959095504186,-0.234502980932412,-0.0725115586219341,0.20613404002928,0.334301445915925,0.0872222432600645,0.297743657187451,-0.0384347044708311,-0.223363931625545,0.145335501506372,-0.168286012020858,"S","WE",370.3333333,0.180930931
"8","Anas_platyrhynchos",0.509258205485365,0.613888289612464,0.448092978452069,0.579147032320997,0.120693277081473,-0.0603299884307245,0.0152379625443545,-0.0622412651235581,0.576314514639165,0.656324444520454,0.537251246614078,0.613580346414303,0.23509994604625,0.015097798627341,0.232078668634625,-0.00840888849199526,"S","WE",1028.5,0.366366366
"9","Anser_anser",0.378887449496853,0.555685279965883,0.324876985437465,0.503224084261502,-0.274689818811773,0.348442602169939,-0.312550827408026,0.325156711379408,0.299393072288607,0.728045460410516,0.235529316826378,0.73519198071817,-0.0148862718547698,0.440706610997569,0.103151977238528,0.428821868573095,"S","WE",3464.5,0.141141141
"10","Anthus_pratensis",0.7724915000467,0.733822710449765,0.717583082306238,0.682232817882623,0.36223486092335,0.0751438559456898,0.38226381883267,0.0435191387511048,0.606692076011054,0.683297361091378,0.501270666484103,0.631997358929035,0.364023356770435,0.11581688482487,0.305336859002367,0.0897647542195311,"S","MM",18,0.382132132
"11","Anthus_trivialis",0.623872551375215,0.699638353613341,0.587841272241944,0.647501570692705,-0.0281318143012389,-0.0914388388023453,-0.0171099075880009,0.0650179192279463,0.550399175494247,0.552662024899032,0.477896122662102,0.45529445845115,0.188244944925154,-0.175368234701059,0.170725314531525,-0.0226058290106482,"L","FO",23,0.85960961
"12","Apus_apus",0.448396213519839,0.666889005582651,0.425409404930163,0.640220091672632,0.089838066382909,0.0139844380950152,-0.0462060702307741,0.0233891444303752,0.362576078844754,0.630062713852386,0.348841498516926,0.625082206366039,0.260229763290247,0.150010201464384,0.268095722524227,0.191917127618832,"L","CU",42,0.411411411
"13","Ardea_cinerea",0.318125626949877,0.50460913564835,0.253206672876739,0.484225175949316,0.0936438839275085,-0.0973993873268371,0.101484009625355,-0.0584943374274699,0.403935015846351,0.347467481923332,0.289314299981488,0.359585726523779,0.0159090616207068,-0.266075739955628,-0.0229558202942762,-0.213457332543761,"S","WE",1433,0.167417417
"14","Aythya_fuligula",0.394343003596048,0.284722349235742,0.294091127276175,0.24973327751626,-0.420687149028498,-0.0142420607258399,0.0152449332228899,0.0227284381964596,0.454146752771762,0.598472538487798,0.476776644510368,0.550432056795117,0.164666468545072,-0.03786733258989,0.295226336737652,-0.0446305839632947,"S","WE",656.5,0.111111111
"15","Bonasa_bonasia",0.158520518434291,0.490127211039132,-0.0413247393208964,0.455987774086528,NA,-0.213650379015545,NA,-0.203419775089662,-0.016283677609945,0.362723637431774,-0.0430266213379237,0.355329193507464,NA,-0.297934928595805,NA,-0.319180858387943,"R","FO",369.5,0.171921922
"16","Branta_canadensis",0.401165760139696,0.468795741445561,0.295528490913451,0.418720624941245,0.0140720653903593,0.049685262012982,0.0258148766327718,0.0457319412798674,0.32108203514115,0.504047364463231,0.157322069833567,0.429698388557481,-0.0899552686627405,-0.0226509970224661,-0.101331246349018,-0.0633049730929567,"S","WE",4635,0.3003003
"17","Bucephala_clangula",0.337711875834945,0.375371754160949,0.261826765891231,0.302986874251992,0.0899897541117499,0.134742991444173,-0.0999761892154252,0.058674653888821,0.428728478381236,0.365070804360273,0.198138492301127,0.285521753612376,0.0638571288341893,0.139908975017333,0.0380115293860404,0.0915200611683392,"S","WE",840.3333333,0.388888889
"18","Buteo_buteo",0.3182814858052,0.663991159708378,0.252537936517758,0.633089885430204,-0.0591458221456251,0.174492036849068,-0.0502353049399902,0.162734923722063,0.397765872029111,0.6492683873279,0.431215439921349,0.613061857406585,-0.0952476533949125,0.2047788375561,-0.0261479940462805,0.156467964834703,"S","FO",806.5,0.302552553
"19","Carduelis_cannabina",0.50293887474155,0.688945146694404,0.471164424194873,0.671754983624536,0.017006669719409,-0.193981024065669,-0.0183165145410567,-0.21970780259222,0.656279930101438,0.830083810873232,0.672497612666832,0.786448370133852,-0.0277110937577901,-0.212070123708745,-0.0315161279431834,-0.296927512077287,"S","CU",17,0.142642643
"20","Carduelis_carduelis",0.265163095311797,0.646645612788975,0.17914825738942,0.61255427693807,-0.189288177921126,0.424588610388045,0.15077834710883,0.401332986348291,0.0613200544670242,0.617836942888691,0.065928839131209,0.618403357431965,0.0959253575193214,0.368379507212575,0.34733070067568,0.382308255969915,"S","CU",18,0.078078078
"21","Carduelis_chloris",0.504613601329674,0.745168885421099,0.387552379582914,0.718505950554383,0.191246453097943,-0.141432554554014,0.0365591769704673,-0.121408694988925,0.327003241538383,0.767734537597663,0.347297682008722,0.733114411027676,0.264082516184583,-0.0554043887782054,0.153196027760683,-0.0385163496224466,"R","CU",29,0.537537538
"22","Carduelis_flammea",0.356005001304742,0.616004263064978,0.314087348002538,0.606958103414982,0.0176171189991434,0.145956383159036,-0.050461000478899,0.0709159669916758,0.334071118651528,0.647372265711626,0.396200892356092,0.645309828510527,0.0327806739116035,0.0608564188285175,0.0698166130144785,0.0132623600159116,"S","FO",14,0.352102102
"23","Carduelis_spinus",0.424286943849015,0.580708539764347,0.393621090809711,0.548035916205688,-0.0387354845354739,0.0561245355637802,-0.0111215463897976,0.0487210246616809,0.323966655995346,0.570947747079302,0.339196249583147,0.544329537685619,-0.0702804319198812,-0.0199892781929751,-0.00965162219652913,-0.00310531683058488,"S","FO",13,0.810810811
"24","Carpodacus_erythrinus",0.331160116641159,0.43456043799009,0.24115909197915,0.394361403871748,-0.313890223243026,0.236561682284165,-0.352324917194561,0.171167795987245,0.362372626508184,0.21262755624317,0.204973266798806,0.341167932721481,0.101981552250373,0.199091982672318,0.129334810979679,0.214642437247886,"L","WE",23,0.172672673
"25","Certhia_familiaris",0.37779106790681,0.62995543140802,0.282458719256443,0.603829228076437,-0.198013065035827,-0.0791728728420354,-0.176460720318899,-0.076469602545515,0.280536859709331,0.610406874658294,0.217488201730885,0.595608615057464,-0.151420942303471,7.22232794811292e-05,-0.0503584264419814,0.0147338543802358,"R","FO",9,0.404654655
"26","Coccothraustes_coccothraustes",0.285055351056516,0.4911926223294,0.0598234031678972,0.464756676294168,0.14564024602542,0.172819717559788,0.0711139133589123,0.175323945793224,0.278185614300462,0.659275631647507,-0.111276107834236,0.671787358000446,0.355313560153488,0.173074046574401,0.188259874412951,0.205792714173392,"S","FO",53,0.096846847
"27","Columba_livia",0.37035143363532,0.570959585403961,0.417493747542095,0.542976857924259,-0.0356629964015291,0.213516729668614,0.29397173200767,0.282088936476221,0.330859570211215,0.364083231073811,0.461250972283067,0.392967071516907,-0.193703027874104,0.280271056844668,0.0101412537130495,0.344282081907526,"R","CU",302,0.095345345
"28","Columba_oenas",0.279928386834582,0.527330806089991,0.179899991938881,0.459362271443557,-0.168280361898223,-0.0301774674920333,-0.0737304628100093,-0.0267242930212652,0.478646435817892,0.509320731922818,0.330104108944782,0.430730442225793,0.0100227802130833,0.00980896356511282,0.191377618194555,-0.0285002179263277,"S","FO",301,0.159159159
"29","Columba_palumbus",0.726097520501508,0.852442628707617,0.627707462968356,0.838481572255964,-0.146488962893211,-0.0299504229216743,-0.127080806992047,-0.0336368196583321,0.778696670769355,0.87182161384492,0.663820772835167,0.837930626964858,0.0574234540713396,-0.0300419366886156,0.0530828962274586,-0.0345034449502633,"S","FO",501,0.695945946
"30","Corvus_corax",0.181234001565463,0.276118270578469,0.149060620793405,0.18638028857193,0.0108897418733092,-0.0301434138325351,0.000417780148108148,-0.00197676288296573,0.250106210012946,0.158285173537578,0.22198457021299,0.0979995240204973,-0.12659096268173,-0.0844119485196914,-0.0896643128739575,-0.142065724961053,"R","FO",1195,0.601351351
"31","Corvus_corone",0.72741800841315,0.659866035922212,0.704978345488285,0.636187026787541,-0.141986942309875,0.0854517991412058,-0.126475079583308,0.153514513596949,0.67837437723476,0.716262662062944,0.654661782871265,0.701251239403166,0.226370576232801,0.190750763535893,0.23157163449538,0.244916634392654,"R","CU",525,0.704954955
"32","Corvus_monedula",0.658453378076063,0.803075270794269,0.62435952204021,0.774722031455734,0.0146296585785747,0.213047667691817,-0.0159134175534168,0.192994671329581,0.721750109181481,0.829739277254358,0.688286685338284,0.803220217979043,0.201261166294006,0.224802318673588,0.23887932955289,0.21700031990839,"R","CU",225,0.336336336
"33","Cuculus_canorus",0.104250322257533,0.272666622528764,-0.0571736401109262,0.15307779900031,0.00639435848663199,0.0971324931933576,-0.0144264623641902,-0.097020519322342,0.206649670301584,0.283757156930224,0.167736574097255,0.215548237993512,-0.06171222078508,-0.0160031478185166,-0.0653728509907169,-0.0693979067090189,"L","FO",112,0.848348348
"34","Cygnus_cygnus",0.443321710027363,0.453214233345097,0.196641110557276,0.386557481486268,0.158466851287261,0.0356453979591029,-0.169487362644119,0.0740751854353551,0.281260424621771,0.331661033782618,0.227600256731555,0.285967413137273,-0.0580823039771687,0.0250744383943143,-0.21504121081302,0.0538630846554905,"S","WE",9400,0.248498499
"35","Cygnus_olor",0.540766384614005,0.666490113828733,0.517563091887665,0.633382713641449,-0.0424595399370756,-0.0822374922970663,-0.0305774102303196,-0.132455447966829,0.509465338523283,0.796757107223936,0.5107500720845,0.775668211607303,0.12268616064538,0.0550512027011423,0.0964721360659996,-0.100892047196941,"S","WE",10750,0.106606607
"36","Delichon_urbicum",0.351002457157779,0.532456558062294,0.312964540007897,0.517419491843844,0.171761365596334,0.0302347314405644,0.0627006483987799,0.0759106320266445,0.326967865961251,0.582067565630042,0.317624755739234,0.640051646832784,-0.040106368029234,-0.0425181179959135,-0.000915424420064761,0.0435007845101446,"L","CU",17,0.282282282
"37","Dendrocopos_major",0.360389918309518,0.755739489637731,0.207355488604821,0.750146670158254,-0.0335611037292508,0.0326279812940843,0.0551601948636933,0.0801248143378994,0.368233255473359,0.67561742557485,0.352305804493395,0.674666068339529,0.0760193573609638,-0.0223741113117906,0.0806390079563223,0.133715012406092,"R","FO",90,0.686936937
"38","Dryocopus_martius",0.204851306337171,0.6323483676659,0.132043608758137,0.577669577955695,0.158767933370334,-0.0548467519239232,0.115394793394524,-0.0351994865444812,0.155403342485773,0.636799200057795,0.0628220267892899,0.584527607489707,0.154668283280874,0.102231177167334,0.186469975411017,0.0898116424652948,"R","FO",380,0.518768769
"39","Emberiza_citrinella",0.500977476024891,0.788065083863723,0.433037440197667,0.766290247139262,0.0506031059770598,-0.244666988097207,-0.0716775333689453,-0.205077961035875,0.531671514315983,0.84010028810285,0.393704436767754,0.805427123810719,0.163948344958704,-0.127912217412618,0.0683191539741297,-0.112017859439958,"R","CU",30,0.572822823
"40","Emberiza_rustica",0.375951215299529,0.475560159289797,0.255978196807196,0.439572629368267,NA,0.105043273803085,NA,0.0993753067131983,0.833339772994338,0.570955714312032,0.365131868814645,0.492471186897429,NA,0.0268335813843789,NA,0.0608897509934245,"L","FO",19,0.103603604
"41","Emberiza_schoeniclus",0.330672064054935,0.340250429242174,0.269092945698865,0.278902860271636,0.283178749286057,0.0240452570326901,0.200221566939067,-0.00297996295788916,0.247106190632747,0.258245731879823,0.0459146618278662,0.223754262706823,0.0214213183849089,-0.0351892240743052,-0.0713122825467793,-0.0495027883401871,"S","WE",19,0.480480481
"42","Erithacus_rubecula",0.667735866402375,0.779124333355505,0.590161995549486,0.754977148951688,0.0697277693580808,0.170111012018351,0.0522691711930274,0.18333413902566,0.71173728654126,0.676291180776484,0.648109003965497,0.662942910263791,0.154540211654707,0.289211097501298,0.186564939876865,0.302455063291196,"S","FO",16,0.807807808
"43","Falco_tinnunculus",0.254182288672448,0.238540786766722,0.230911608674334,0.208100583689247,0.714374578878406,-0.162989160161788,0.628706448545385,-0.0619566546931441,0.58636631654934,0.177257833295892,0.470814886057878,0.190366643740338,0.556531181653848,-0.156632272857651,0.518700018695552,-0.131090837918028,"S","CU",174.5,0.093843844
"44","Ficedula_hypoleuca",0.320109202676522,0.628478632174377,0.157088964390052,0.582483410434055,0.0912528083735569,0.00476251876496563,0.10376266811827,-0.0281838346464395,0.110809657158354,0.433590804529071,0.00598912638516047,0.46190214861804,0.138106866022399,0.0260476314678101,0.0679441351160032,-0.057775727226961,"L","FO",13,0.737987988
"45","Fringilla_coelebs",0.749201310286157,0.834088342471138,0.73048866439207,0.812993470771952,-0.029482269538056,0.315226363525673,0.0223225806755558,0.334835784348834,0.701347719326482,0.84046194902722,0.657310948241107,0.823945694673772,-0.0367792948946158,0.51843133698914,-0.00542924196731131,0.550177246719427,"S","FO",22,0.85960961
"46","Fringilla_montifringilla",0.671544676077673,0.774207565547732,0.601074110965911,0.739900282021525,-0.163876407387497,0.251694060557305,-0.15071153638817,0.332786117558432,0.77679699890758,0.82702847166212,0.78617851912804,0.828978866599341,0.285925018943931,0.369383035553709,0.347696062049036,0.464825409091442,"S","FO",22,0.41966967
"47","Fulica_atra",0.368717787491649,0.470888752105658,0.115160654892154,0.427279724892626,0.343689650951327,-0.0745564892772543,0.259295078154608,-0.0823418498933266,0.396268930614118,0.550794259377859,0.314922751033354,0.494757051755218,-0.236079567130926,-0.204606576051731,0.0321380567414,-0.205603235937633,"S","WE",732.5,0.06981982
"48","Gallinago_gallinago",0.236328654541591,0.321928836145426,0.122741477421064,0.261580815838481,0.0477516360517415,-0.145678996682695,0.0723872245020703,-0.0842462258915124,0.229062207575495,0.436535336769468,0.0796486484400513,0.376081042575161,-0.0337217019372056,-0.173984607275426,0.0670746128775892,-0.0692885188726156,"S","WE",106.5,0.521771772
"49","Garrulus_glandarius",0.431730005117966,0.719559066125254,0.308169901537689,0.660289967799308,-0.0193868570835592,-0.0310693672262682,-0.0282206071840073,-0.0330858176679173,0.471784104873513,0.712122578155899,0.385445965764268,0.633194876907134,0.100257724562179,0.0211835720691122,0.129542460703473,0.00178842313064643,"R","FO",160,0.471471472
"50","Gavia_arctica",0.245810942705364,0.299328442926484,0.219883412947795,0.264234784381087,0.0367194690518594,-0.0823219696365201,-0.119247233004938,0.0327850233869867,-0.0732271692093007,0.196918451673387,-0.0467941958968782,0.161298621840159,-0.0524336820359854,-0.10631652109633,-0.122502776659634,0.0917266357581111,"S","WE",2804.5,0.247747748
"51","Gavia_stellata",0.175632975656947,0.215979994794931,0.191973373929864,0.196969083436389,-0.120217687596214,-0.00510598047985934,-0.177127714417601,0.0250843958667612,0.0864498378430855,0.176428458622874,0.150122156213742,0.100009624170822,0.378863495264116,-0.0821315869441099,0.147734678727146,-0.0399092092323107,"S","WE",1603,0.107357357
"52","Grus_grus",0.316677285184448,0.549341613886243,0.249294059643163,0.448443899877182,-0.0126494120224849,0.0679958875679671,-0.0289255278375911,-0.0453762271206272,0.327975458379712,0.515521661046924,0.256389065059283,0.430600839387139,0.0682631183503521,-0.00673554920279301,0.061482361502807,0.00148199295095269,"S","WE",4114.5,0.436936937
"53","Haematopus_ostralegus",0.492984253943072,0.644792666183851,0.443824069461081,0.613021593264088,-0.0736685723979859,-0.203229353689794,0.084595137996775,-0.207438380407491,0.619165816981572,0.668358940186638,0.626425840677609,0.690086523916721,0.136163181268548,-0.172143112285461,0.23353439149835,-0.155912127664996,"S","WE",528.5,0.078828829
"54","Hippolais_icterina",0.376416734629979,0.567624271355702,0.317549758301561,0.553638338611218,-0.0460531565181622,-0.0613836899701206,0.115206434690467,-0.0756985045007902,0.432900264197314,0.457636434149736,0.327303818983363,0.460582270109665,-0.0238366481944552,0.013169977880327,0.0476628130941292,0.00247496485576792,"L","FO",14,0.204954955
"55","Hirundo_rustica",0.532120222293966,0.746924595388734,0.456495004152504,0.730029922914221,0.0164611958203419,0.0464981403086809,0.0919223426982046,0.0576234673174594,0.51112110244341,0.720770939906874,0.532829008646817,0.70857602653327,0.198028773417878,0.134663812096767,0.127120148624373,0.165034445444319,"L","CU",19,0.491741742
"56","Jynx_torquilla",0.148297491392017,0.321931208445386,0.0966262213311228,0.212005577622599,0.0176833253973893,0.0284081618011969,-0.160909375276433,-0.0592715176675191,0.0421933594180872,0.216711462803183,0.0499536711278644,0.179594055272804,0.192701473453505,-0.001892463903842,0.112800686494454,-0.0965167322770297,"L","FO",37.5,0.218468469
"57","Lagopus_lagopus",0.351799333958293,0.530673619962812,0.147803853403935,0.493136075584163,-0.102742086347712,0.182566761190022,-0.131054023821407,0.196121832963424,-0.114375656434998,0.760410257819381,-0.234523376887654,0.740121095843086,-0.258685752793555,0.0504475847842115,-0.226541738977904,0.0378438225209652,"R","MM",550.5,0.138888889
"58","Lanius_collurio",0.102939515562657,0.519603993305469,-0.00716445855060586,0.481288442289592,-0.130481895206437,0.0214424831379215,-0.0306545615480007,-0.00995678570174413,0.114799017785304,0.506136340011805,0.102923912236518,0.523991873468892,-0.133901722072927,0.048918331842001,-0.0441407614494071,0.0675416821570893,"L","FO",29,0.234234234
"59","Larus_argentatus",0.465053187686571,0.611403593500799,0.407749401663901,0.596717030922005,-0.100597015441617,-0.120746351454703,-0.0628000463089813,-0.120009084686663,0.54187083789805,0.765965010996628,0.537788671747866,0.733094993406604,0.0161498732220073,0.0700137845175091,0.226759544049978,0.0452289066716476,"S","WE",1060.5,0.277027027
"60","Larus_canus",0.519802702341272,0.473541324769048,0.413398754214217,0.365246014260959,0.0619187656296379,0.0499032547682934,0.0247738246012739,0.0307820546395333,0.426415646861164,0.412992930582661,0.412997836260753,0.420027530619969,0.349545531218828,0.11537490903108,0.247595597511584,0.0920447514037311,"S","WE",386.5,0.563063063
"61","Larus_marinus",0.491281000828358,0.681704024855745,0.46986550475705,0.657739524390153,0.348438745415688,-0.229332946885799,0.300307558960468,-0.190753103050602,0.708976405078649,0.742447107404845,0.829859169641559,0.782851504938432,0.112580728060561,-0.388032221374987,0.26644132255336,-0.225531677942772,"S","WE",1606.5,0.078828829
"62","Larus_ridibundus",0.47711925199764,0.627942842630913,0.431436056033473,0.599275242508834,0.0120750900955271,-0.00202198955230218,-0.115196347635201,0.0430819340361071,0.551282465013124,0.672242112317842,0.452795620924164,0.694282478619986,-0.0828994987263724,0.147180933412769,-0.131245415126049,0.162598821843576,"S","WE",277,0.289039039
"63","Loxia_curvirostra",0.280235320396921,0.642446967780811,0.19705796661302,0.599980073199173,0.198854907957477,-0.0940982699816259,0.185917673750386,-0.0357469502137894,0.26157978278949,0.575607194516815,0.202892238984126,0.574815496386156,0.321428923488953,-0.0177757946877508,0.26749406606163,0.0107780423773823,"R","FO",41,0.617867868
"64","Loxia_pytyopsittacus",0.254334438286139,0.34395426409134,0.122068655596962,0.309283775482424,-0.359938250672171,-0.0323310475123243,-0.446323822432946,0.0947168992492059,0.29720369621081,0.396735310251144,0.236393842960692,0.404041682012156,0.0695636061573794,-0.039779665704257,0.00424820506820814,0.111887227568986,"R","FO",56,0.12987988
"65","Lullula_arborea",0.268204099810713,0.342778691192089,0.110943890541052,0.309136684839119,-0.542811979365859,0.0884478129932124,-0.419655466436539,0.0377630331930372,0.0656193747709985,0.427111405713332,0.112854188735216,0.40619453602284,-0.286637200168939,0.106890654467949,0.282474128854309,0.0885554998388403,"S","FO",29,0.093093093
"66","Luscinia_luscinia",0.52667465430329,0.682038766323843,0.450960127749051,0.642900975630213,0.201067852115345,-0.215285973432727,0.169302510094623,-0.230666334604947,0.63415830886191,0.658757114505919,0.615554851090034,0.654403331552148,0.113266122637591,-0.188775333089534,0.0453039377062424,-0.258736867094747,"L","FO",27,0.156156156
"67","Luscinia_svecica",0.440803197661651,0.719676793413669,0.147604040320099,0.677693902921601,-0.259582690617223,0.235738499747405,0.0549986672034442,0.224588503426314,0.137363831636419,0.700388288503091,0.51010458335729,0.683355782106056,-0.415660764889302,0.320710148249245,-0.279343975412142,0.27819600941232,"L","MM",18,0.103603604
"68","Mergus_merganser",0.474665964678987,0.355823490400544,0.410396727502165,0.314234396339262,-0.158148237784676,0.200705882955181,-0.0276017929526806,0.147852958772295,0.597141157720364,0.611016041386253,0.5987292271277,0.545632043762322,0.137578941386382,0.270551288013286,0.209283745124387,0.177917743926247,"S","WE",1435.5,0.164414414
"69","Motacilla_alba",0.603269673623284,0.760611004647182,0.546638009238411,0.751541128510373,-0.113803143845094,0.0465170952205212,-0.118568368818049,0.0190474864024135,0.512468461833021,0.787841466556955,0.555967143720964,0.772446682881787,0.205264114597698,0.235555029373795,0.257921331270551,0.169483483718486,"S","CU",20,0.622372372
"70","Motacilla_flava",0.463747411676163,0.608376859136029,0.333759468005262,0.557812832907882,0.223389835575138,0.214831118357411,0.228247672516186,0.227322024200498,0.507059852639542,0.575823748071815,0.367998839763423,0.54511447672112,0.183430577165477,0.264270762056832,0.12731172131817,0.288442985124215,"L","MM",19,0.344594595
"71","Muscicapa_striata",0.393785594093554,0.538373999128279,0.348310020838921,0.51036412571749,-0.110115230894958,0.0537748970086292,0.00303347545033786,0.00440694172536102,0.472608746310491,0.362336618071596,0.441653428779968,0.312177312570552,-0.0998047162986112,0.125183858585891,-0.139272302750453,0.0893997847505294,"L","FO",16,0.656156156
"72","Numenius_arquata",0.649943617903653,0.383439974354385,0.599316075526267,0.372322534015941,0.071174371241677,0.169318278888269,0.09534207460378,0.155806357649724,0.388715210893487,0.254994741107535,0.25404217285617,0.295820432880897,0.172043040804774,0.207781360079457,0.176483723758142,0.215688517152761,"S","CU",725,0.222972973
"73","Numenius_phaeopus",0.224009445690337,0.478231183834635,0.0713480663365771,0.437260725240583,-0.210312238782162,-0.0249472757786597,-0.243571485365708,-0.0307400955773873,0.269748994407653,0.725094594388816,0.158048144604425,0.727815133284656,-0.192732835082108,-0.247921708135754,-0.281463158106905,-0.261434529004392,"L","MM",383,0.149399399
"74","Oenanthe_oenanthe",0.641251604909291,0.682401335477129,0.628786978193813,0.667581060350254,-0.0870063326572049,0.0340864294265834,-0.111192330097519,0.0574928787838309,0.72593386408893,0.649761860817107,0.723329458216815,0.642309086824324,0.0935757370784896,0.150083611631448,0.054124583714501,0.17539074037606,"L","MM",23,0.247747748
"75","Pandion_haliaetus",0.106508685975772,0.232864406963307,-0.00270681492839558,0.217239350886548,-0.0979074328756726,0.0914017429573797,-0.145769815223741,0.132629916188789,0.265717314046784,0.199976413536634,0.102612048332648,0.248727866371823,0.329891746913157,0.0886659098094285,-0.179626458468056,0.120425067022834,"L","WE",1527.5,0.111861862
"76","Parus_ater",0.397590744035038,0.62819146827811,0.337598517073186,0.567158589177727,-0.0529428481872103,-0.119482002137753,-0.0735444772063109,-0.0917196967696129,0.498190801047742,0.690147729763888,0.409156610085487,0.678641472415264,0.0260242689963679,-0.0521604416580615,0.059957281235931,0.0116363523693998,"R","FO",9,0.393393393
"77","Parus_caeruleus",0.45918459643632,0.819678156965816,0.323824002551524,0.773344994052705,-0.0237662266101351,0.0195480064406054,0.0743097119038112,0.0411578024448405,0.280508159872326,0.786411283432998,0.146780633136263,0.760607617874749,-0.0213197345107225,-0.0896469110844598,0.0306524269491207,-0.0530636391016296,"R","FO",11,0.507507508
"78","Parus_cristatus",0.304589265823128,0.652059018313997,0.256500222624607,0.632635243169766,0.0872949605564751,0.0530647700911316,0.203826971582495,0.0488368234878425,0.214471080050037,0.574346530925544,0.222769451360079,0.566398958033901,0.0513218350099695,-0.0379720076145678,0.0975118212326859,-0.022972801909488,"R","FO",12,0.369369369
"79","Parus_major",0.72688988381525,0.85149813759304,0.54981940567194,0.828266234298063,0.0819963405905156,0.301448790584521,0.0612189094020956,0.2834875143312,0.673555851434846,0.865336595395773,0.565424312048025,0.828706470788397,0.200616422737953,0.40355507872488,0.127812338903675,0.374312434559713,"R","FO",19,0.804054054
"80","Parus_montanus",0.269162717063696,0.510841329979231,0.248418917168723,0.489733088599806,-0.21282424613876,-0.0021708274759471,-0.275397179423233,0.056841167765531,0.275098272286675,0.501997359513111,0.279202384234606,0.488782710430014,0.00712188546670822,0.0199319329106028,0.0122052443629267,0.0801566977390225,"R","FO",11,0.597597598
"81","Parus_palustris",0.102364242268137,0.478075097553792,0.0435381084179023,0.415997662258996,0.129029042205353,-0.0594843157764792,0.0515343307090022,-0.0578423077406624,0.13255244900916,0.53451810770547,-0.0232406431412217,0.502297608608188,-0.0271888665770646,-0.0291398706188839,-0.141872131744161,-0.0402697084171724,"R","FO",12,0.183933934
"82","Passer_domesticus",0.439608619416292,0.679575483673469,0.334883422390775,0.667923370251572,0.195422192806587,0.0219535221356461,0.147937307520322,-0.024167723783414,0.634535406035955,0.586093226688685,0.675408429504536,0.56156097974081,0.559920322803323,0.107285054842498,0.571602457916163,-0.100009769981415,"R","CU",32,0.183183183
"83","Passer_montanus",0.429820792167241,0.774784628601416,0.381466955720306,0.755548919282642,0.137858014966484,-0.113565482139755,0.268509058440135,-0.101841570154863,0.071235938358766,0.711277736965468,-0.0653904127788466,0.666164960864547,0.0635638576888891,-0.131953173538278,0.171121194153603,-0.043293975188273,"R","CU",23,0.22972973
"84","Perisoreus_infaustus",0.459184249322492,0.630999023082673,0.251372847519161,0.603613171588429,0.0430968307389151,0.0938694260244005,-0.280937147658818,0.0613366360451541,0.345039313828267,0.783511414463701,-0.342216253029976,0.717615846567533,-0.0235989776957706,0.067926286380536,-0.0871431120663908,0.0306591788318935,"R","FO",82,0.111861862
"85","Phalacrocorax_carbo",0.411007995595907,0.677142788086482,0.235310170268327,0.649957073692605,0.32682415393396,0.203928043151934,0.219766544514939,0.203619589356979,0.314603847473949,0.769907283953726,0.327417234624223,0.790909209941662,0.373194308593966,0.117188302360956,0.340824339363904,0.163355082112601,"S","WE",2254,0.102102102
"86","Phasianus_colchicus",0.460967086024335,0.641396181941326,0.4327388067855,0.605436625816267,-0.00144367316223196,-0.27031597745263,-0.0401098830959618,-0.327930954645436,0.458101213885543,0.765850908395333,0.304452356099576,0.703063507642786,0.231390212583823,-0.0990948768299539,0.156321330070632,-0.205280475202622,"R","CU",1087.5,0.180930931
"87","Phoenicurus_phoenicurus",0.428088580046109,0.421270444105517,0.365436289129955,0.362267040769704,0.0794915306018606,0.0757292927047346,0.088917254547897,0.0845882903411973,0.506101515074215,0.382214342709085,0.448282731435454,0.377293524701436,0.0201604936404342,0.170690356045719,0.122165347042361,0.203578087648183,"L","FO",15,0.652402402
"88","Phylloscopus_collybita",0.17152606148706,0.34268563031175,0.00102570363932235,0.170350912304469,-0.16025292501636,0.0535615130114901,-0.249304979644372,-0.0598511784376307,-0.0476417531917502,0.24193625042953,-0.00938677843358901,0.144844920960493,-0.246734739565891,0.0811250593037703,-0.340896946897636,-0.112435575869449,"L","FO",8,0.316816817
"89","Phylloscopus_sibilatrix",0.422755796665534,0.656244850035484,0.417176654174372,0.616425926820508,-0.109504910588141,-0.0305921957559322,-0.123210708389803,-0.0225563746156153,0.214688804453513,0.553946251016025,0.208826722470547,0.531483524022017,-0.110713496422298,-0.0971914884804168,-0.142844128979942,-0.0435979708445906,"L","FO",10,0.458708709
"90","Phylloscopus_trochilus",0.475249714286209,0.517122722755877,0.420953236443641,0.347929970263472,-0.108554562628523,0.0584900380383552,0.0277430430424986,0.0280551139252979,0.454989445577209,0.544122263551856,0.375220119234094,0.164357994660111,-0.15706029105263,0.00867908858551546,0.0295851974027807,-0.0197977540677335,"L","FO",9,0.976726727
"91","Pica_pica",0.539025925112227,0.768654062116712,0.467111292618613,0.759686419304742,-0.0143133554650195,-0.1103086509321,0.073552799870803,-0.0380817603742753,0.316015450776672,0.704084359251148,0.231885548137513,0.706446123206585,0.161434043932164,-0.177336816164065,0.211557228034137,-0.063778030042053,"R","CU",235,0.434684685
"92","Picus_viridis",0.172649561497652,0.54930141493715,0.115526966307764,0.510553521744813,0.0702391127481996,-0.0434624622087394,0.0574479573639299,-0.0705846812525297,-0.118424547995182,0.52220064875317,0.00597660803900891,0.468253721523115,-0.0612535843842528,-0.0109975122974276,0.0814468910502092,-0.0717712045250896,"R","FO",191,0.271021021
"93","Pluvialis_apricaria",0.650332007546258,0.736447319711999,0.572060599927057,0.706943785101942,0.0810569450810746,0.105207691534918,0.176700435337684,0.0968007104502576,0.735219776904623,0.659824676485748,0.656309996531785,0.641458487154033,-0.0812989039560097,0.103395032663775,0.0257119336835419,0.096340633975694,"S","MM",175.5,0.182432432
"94","Podiceps_cristatus",0.250308084657013,0.403935959450565,0.140311153893309,0.326312968345071,-0.202512160607257,0.000850087498905118,-0.241574395709766,-0.0623881366740117,0.405101618031115,0.369195105269611,0.19615491936563,0.254299492133076,0.027646178803459,-0.0215960745513582,-0.0383236953321448,-0.127071767936947,"S","WE",1068.25,0.082582583
"95","Prunella_modularis",0.350875406490345,0.477893329033874,0.345507212533673,0.423785534396048,-0.0228236119879249,-0.12881534155641,-0.0157156261626832,-0.109199098380377,0.44674718355479,0.433251956554804,0.457136016065098,0.350870113806307,0.0759431180764138,0.0135601344403818,0.082145667343691,0.0417269396764806,"S","FO",19,0.67042042
"96","Pyrrhula_pyrrhula",0.0848591710290117,0.419287505304512,-0.0730131358736041,0.403254068590567,0.0546312787679313,0.144117601691889,-0.0209661021523895,0.15845025464967,0.0671893473363393,0.430747500503814,-0.0684607690295989,0.432025160679967,0.26608791806222,0.155158881506092,0.127969294546266,0.176402171329048,"R","FO",29,0.445195195
"97","Regulus_regulus",0.563453908645362,0.707620191899174,0.527920869615906,0.675385380122316,0.154531791131241,-0.130723917162571,0.164272818478816,-0.110508013261167,0.553714908342601,0.724415947701125,0.569204186938881,0.698606690335954,0.23905688193904,-0.099663735155947,0.212348514390055,-0.120293657345141,"R","FO",6,0.648648649
"98","Saxicola_rubetra",0.410065259066733,0.525124842564266,0.393548812299557,0.509888514917517,0.186972151122026,-0.0665372754782655,0.186707688137786,0.0145169477217588,0.354818353132488,0.539524607859102,0.280993203342308,0.546801238997233,0.0443208992948752,-0.0243704690124059,0.056009014326933,0.149742955131826,"L","CU",17,0.531531532
"99","Scolopax_rusticola",0.128847022693879,0.35976465786174,0.0350838857924409,0.285366102836881,0.646717223155989,0.0174388854555446,0.479926762231676,-0.0158441678611607,0.0628942376304233,0.258345778597431,0.0644241966896246,0.206930536994486,0.211624566568013,0.0609460866755967,0.210508404551409,-0.00310343158785718,"S","FO",312,0.192942943
"100","Sitta_europaea",0.312725940274246,0.690519147721061,0.262477709063665,0.630403999505954,0.128207598772756,0.115713224926468,0.128949265394437,0.146443175472163,0.315550636322031,0.63779828301518,0.340025680713622,0.633533670920923,0.238430526850814,0.020607237491144,0.127898662939382,0.110765493022429,"R","FO",18,0.306306306
"101","Sterna_hirundo",0.42980286529164,0.443713524216182,0.300361586528408,0.393961883338673,-0.00277772145405395,0.041862203171039,0.140579958293745,-0.000798844581143119,0.2447056716369,0.358639556528048,0.138997030791091,0.279564905199539,0.182488838772067,0.0348463879922666,0.22058997462808,0.0107503373661274,"L","WE",133,0.192192192
"102","Sturnus_vulgaris",0.539223270337609,0.83938189183345,0.506082799418929,0.817042025230985,-0.185883296185533,-0.098389846210349,-0.14084699419255,-0.0458075131173537,0.609456406830753,0.838435254022165,0.581891093688962,0.81627165018881,-0.178614224793072,-0.0518964314448796,-0.0926199984575752,0.000570606390046643,"S","CU",77,0.38963964
"103","Sylvia_atricapilla",0.640213876045031,0.849042283607385,0.473402271622617,0.801875287680135,-0.0918371738875802,0.210566331593696,-0.0719211185521321,0.191799662330595,0.733599629108867,0.899806135201879,0.653700210558976,0.879885769303497,-0.0409716050892465,0.262485626416075,0.0340609019774482,0.231094396380891,"L","FO",20,0.484984985
"104","Sylvia_borin",0.517441964753603,0.790994549483361,0.374526314641144,0.77394833225195,0.00193148074157068,0.0296338286319965,0.0174653467750922,0.0325790359200049,0.471723629860741,0.75008597728916,0.337413602877204,0.752714026299865,0.0575253331389781,0.162792604295747,0.00771437137901079,0.186149742949052,"L","FO",20,0.622372372
"105","Sylvia_communis",0.631964476052461,0.775793205804887,0.567362918834941,0.766162319857801,-0.165191632809604,0.0255411831364342,-0.16523002274738,0.0393246695859224,0.78587119221422,0.767204845856254,0.741745178601936,0.765851765942443,0.154492870440125,0.00637431154309112,0.182130415497725,0.0164738752473535,"L","CU",15,0.373873874
"106","Sylvia_curruca",0.36191587378815,0.687818935162373,0.258991133082483,0.672646684031502,0.115632502776307,0.0601389764157339,0.127701448776893,0.0498225417805286,0.408642861061773,0.679682699820693,0.427529218523101,0.681616652626101,0.198716226356848,0.172155767570536,0.166908660406586,0.189619119365563,"L","FO",12,0.547297297
"107","Tetrao_tetrix",0.132944476057529,0.47140219271004,0.0687215666497103,0.456181438491694,0.0515721683576325,-0.0244701926720209,-0.0236278380426957,0.0281690947313396,0.0213695431734124,0.409007848214909,-0.00572465842387494,0.394122064394023,-0.0300940088298187,0.0299520307405881,0.0329171617891487,0.161968877473286,"R","FO",1088,0.380630631
"108","Tetrao_urogallus",0.205231063293779,0.614267420047838,0.130770393291804,0.611534606379747,0.338839766233785,0.0668693048239171,0.277734191220353,-0.0367382318886456,0.201358998395215,0.521645675723439,0.125679497172112,0.524307030473143,0.292544463044732,0.0439127266713035,0.158043242799975,0.0122823968344153,"R","FO",2931,0.24024024
"109","Tringa_glareola",0.533296313391575,0.694049912528171,0.404954650823826,0.64657639531608,0.231088600712935,-0.00834703328292759,0.219485336483279,-0.0237255174519888,0.581046948669686,0.776870504221151,0.504917874747989,0.740553344059666,0.152723506393035,0.0560105149726399,0.164636798237375,0.0419747094825787,"L","MM",67.5,0.322072072
"110","Tringa_nebularia",0.36144656506122,0.564811148569818,0.189066055947759,0.514899188344308,0.109831154434735,0.0112119155019794,-0.298521294443788,0.023325730291095,0.429222425254509,0.774921763234874,0.323826649031758,0.78214886035304,0.251552939447778,0.160368263165106,-0.0380400768530619,0.133721961891703,"L","MM",173.5,0.271771772
"111","Tringa_ochropus",0.36363558934359,0.67529019538762,0.306438440531778,0.654151882214674,0.0998065196566177,0.0741805351499877,0.127599086703649,0.0531476134606992,0.143879689475824,0.612223565016342,0.0690916409395525,0.601109541958411,0.0963116588035988,0.0569464684504349,0.0402398656807723,0.0386550504341526,"L","FO",80,0.492492493
"112","Tringa_totanus",0.270687339162236,0.545123780182331,0.076193648616118,0.48189369464965,-0.234726253925325,-0.158840939492536,-0.269497996819226,-0.174878982233733,0.308282413955872,0.507412406928389,0.316791039050133,0.530401824954388,0.0122934504282559,-0.0495141181056964,-0.142042370535807,-0.0678890406899922,"S","WE",107,0.146396396
"113","Troglodytes_troglodytes",0.595996573041546,0.774614261340256,0.512210905010639,0.731826880747756,0.126944731264741,0.10757389774661,0.0967402900441379,0.0702891675637928,0.646164237455172,0.797642452717387,0.629497600597669,0.789813485484113,0.184301298216926,0.0688996586893074,0.152656949764802,0.0533044877930633,"S","FO",10,0.499249249
"114","Turdus_iliacus",0.388155971277136,0.510148581158808,0.232999076160252,0.461664718624357,-0.237332223892337,0.0636745115832864,0.013082445904654,0.0588161484260358,0.500804130486893,0.651474771567654,0.378608432826362,0.596088431289855,-0.0750258087392549,0.0160716947425443,-0.000907900038514407,-0.0646679110295743,"S","FO",60,0.789039039
"115","Turdus_merula",0.741791022388532,0.86391129304859,0.697466592060429,0.847150870870404,0.0165496610150395,0.325943737756722,0.00113126065332465,0.312513552801611,0.777998693008179,0.872444449266331,0.780139470711238,0.87468485417208,0.257261423465624,0.3652394685519,0.228793158442943,0.338363851784574,"S","FO",101,0.662162162
"116","Turdus_philomelos",0.572487445568685,0.710712322371984,0.466460131927501,0.666912078458342,-0.0202317025341224,0.260973207605789,-0.023669728787174,0.30270711339563,0.612003560283442,0.585500335693684,0.520511946780322,0.555405795838182,0.14126188385628,0.162073691587193,0.142583127745041,0.196818045573845,"S","FO",69,0.894894895
"117","Turdus_pilaris",0.500105434300658,0.398041460181228,0.424502759910263,0.360220708842398,-0.00593939198126307,0.0288270467148938,0.0515114507802573,0.0256892723729921,0.281319813412124,0.27667981357571,0.251244252584781,0.287762144869108,0.122278809608968,-0.00486356309435039,0.167375897225899,0.00393827106805973,"S","CU",106,0.749249249
"118","Turdus_torquatus",0.34267393727132,0.697235519899764,0.222469062008051,0.61174812583988,-0.0755531319303834,-0.370663336241516,0.162342153426188,-0.188903669536828,0.624131931253712,0.927384667968656,0.280228031513031,0.957934667772157,0.0156553680818956,-0.253696420598523,-0.161813047243363,-0.135735665170301,"S","MM",101,0.058558559
"119","Turdus_viscivorus",0.333834330330726,0.648641144846882,0.171443779453434,0.623207650518124,-0.0752884229798682,-0.0626388191415856,0.0836657622051993,-0.0543172900468684,0.398668099138572,0.571725729070005,0.201048449054944,0.54783204565843,0.173428924805682,-0.0709129545257411,0.0695476154881233,-0.0679494264142499,"S","FO",115,0.507507508
"120","Vanellus_vanellus",0.508077304008738,0.643589898401062,0.445534889513146,0.622006225799658,-0.116729949649281,-0.0488097404344732,-0.239425440018951,-0.0502133576255289,0.430642494771272,0.69667108165624,0.433527042726593,0.699466813318454,0.020139488208213,-0.00691209099646346,-0.0202887856512429,0.00332352482865069,"S","CU",206,0.278528529
