route,x,y
1,5059.9,4260.5
2,4931.6,4142.1
3,4935.1,4187.2
4,5028.6,4167.9
5,5052.3,4171.7
6,5077.6,4178.
7,5101.1,4183.9
8,5125.9,4190.1
9,4876.6,4153.3
10,4950.6,4173.
11,4975.9,4176.3
12,4998.1,4181.9
13,5024.1,4189.4
14,5046.4,4196.3
15,5070.7,4201.
16,5095.9,4205.
17,5120.,4212.3
18,5141.5,4218.1
19,5168.2,4226.3
20,5192.4,4232.3
21,5177.6,4237.3
22,4850.4,4155.
23,4870.1,4160.2
24,4873.5,4161.3
25,4865.,4174.2
26,4871.2,4177.8
27,4943.3,4191.5
28,4975.6,4202.2
29,4992.1,4207.4
30,5014.5,4213.7
31,5040.8,4220.4
32,5064.8,4224.4
33,5090.,4230.6
34,5113.4,4238.5
35,5137.5,4244.4
36,5161.9,4250.5
37,5186.1,4256.6
38,5210.4,4262.6
39,5233.9,4267.1
40,5259.,4274.6
41,5282.8,4278.8
42,4937.4,4220.2
43,4962.7,4219.4
44,4986.,4232.5
45,5010.2,4238.5
46,5034.4,4244.6
47,5058.9,4249.8
48,5082.9,4256.7
49,5106.9,4263.7
50,5131.2,4268.8
51,5156.,4275.4
52,5179.1,4280.7
53,5202.5,4284.7
54,5228.3,4292.8
55,5251.7,4297.9
56,5276.7,4304.7
57,4955.1,4248.4
58,4979.7,4256.6
59,5003.9,4262.4
60,5028.3,4266.5
61,5051.7,4276.8
62,5076.3,4281.9
63,5101.3,4285.
64,5125.6,4291.
65,5149.3,4299.
66,5175.,4303.3
67,5199.2,4309.3
68,5222.,4317.
69,5246.3,4322.6
70,5264.7,4330.7
71,5294.6,4335.
72,5318.6,4341.9
73,4948.7,4272.5
74,4972.9,4278.7
75,4997.1,4284.7
76,5021.3,4290.8
77,5045.3,4297.8
78,5070.,4304.6
79,5094.3,4311.
80,5119.3,4315.2
81,5142.,4322.9
82,5166.7,4327.3
83,5191.,4333.1
84,5213.6,4341.2
85,5240.1,4345.2
86,5263.8,4350.7
87,5288.3,4356.1
88,5314.6,4362.5
89,4942.3,4296.8
90,4965.1,4308.4
91,4991.,4307.9
92,5016.4,4317.4
93,5038.2,4319.7
94,5063.5,4327.1
95,5087.9,4336.3
96,5112.4,4339.4
97,5136.7,4347.2
98,5162.,4352.9
99,5185.9,4356.6
100,5209.2,4362.2
101,5233.,4369.4
102,5255.1,4378.
103,5280.8,4381.3
104,5305.8,4387.2
105,5330.8,4394.4
106,4935.8,4322.
107,4961.,4327.6
108,4986.6,4332.6
109,5009.1,4341.3
110,5033.7,4346.2
111,5057.8,4351.5
112,5082.5,4359.3
113,5105.3,4364.4
114,5129.6,4370.4
115,5153.9,4373.6
116,5178.,4382.5
117,5201.1,4386.6
118,5228.7,4391.9
119,5251.5,4397.8
120,5275.,4406.5
121,5298.2,4412.2
122,5326.2,4417.3
123,5348.6,4424.6
124,4930.5,4345.3
125,4954.5,4352.5
126,4978.,4357.2
127,5002.9,4365.9
128,5026.4,4369.8
129,5047.9,4371.1
130,5075.4,4383.7
131,5099.1,4387.9
132,5125.3,4394.7
133,5147.2,4401.6
134,5172.7,4406.9
135,5196.5,4410.8
136,5220.4,4417.6
137,5242.7,4423.3
138,5270.8,4430.
139,5292.6,4437.6
140,5316.8,4443.6
141,5344.6,4440.1
142,5365.,4455.4
143,4923.7,4371.2
144,4947.9,4377.3
145,4977.4,4382.8
146,4997.,4387.7
147,5019.6,4395.5
148,5044.,4401.1
149,5069.,4407.9
150,5093.3,4414.
151,5117.8,4419.2
152,5142.6,4426.3
153,5165.6,4429.9
154,5190.8,4436.2
155,5215.,4442.2
156,5237.9,4449.3
157,5263.4,4454.4
158,5289.8,4456.5
159,5310.1,4465.3
160,5335.9,4473.
161,5359.9,4479.9
162,4916.4,4394.6
163,4941.5,4401.5
164,4965.6,4407.6
165,4989.5,4411.6
166,5013.8,4417.7
167,5038.4,4426.
168,5062.9,4430.
169,5087.8,4436.3
170,5110.9,4445.2
171,5134.8,4448.5
172,5159.5,4456.
173,5183.6,4462.3
174,5208.,4465.3
175,5231.4,4474.1
176,5256.2,4478.2
177,5278.7,4483.7
178,5304.1,4492.
179,5328.6,4496.9
180,5353.5,4504.2
181,5377.7,4508.
182,4910.9,4419.1
183,4935.,4423.6
184,4959.3,4431.8
185,4983.8,4437.7
186,5007.3,4441.9
187,5031.8,4448.
188,5055.6,4454.7
189,5080.9,4460.4
190,5105.2,4466.4
191,5129.,4474.4
192,5154.,4477.6
193,5177.5,4486.5
194,5201.3,4490.4
195,5222.2,4492.4
196,5253.3,4502.2
197,5274.7,4509.8
198,5298.7,4516.5
199,5319.1,4513.6
200,5347.3,4528.2
201,5371.4,4534.3
202,5394.9,4539.
203,4903.9,4441.4
204,4928.7,4449.3
205,4952.9,4455.8
206,4977.2,4461.9
207,5001.4,4468.2
208,5025.9,4473.2
209,5049.6,4481.4
210,5074.1,4486.5
211,5098.4,4492.6
212,5122.1,4496.5
213,5147.2,4502.7
214,5170.2,4509.3
215,5195.6,4515.8
216,5213.2,4523.5
217,5246.4,4526.2
218,5269.,4532.8
219,5291.2,4540.4
220,5309.9,4546.9
221,5340.8,4550.5
222,5365.,4558.5
223,5392.4,4568.3
224,4897.2,4464.4
225,4922.2,4473.9
226,4946.4,4479.9
227,4969.9,4485.2
228,4994.9,4492.3
229,5019.7,4496.5
230,5043.6,4504.
231,5067.7,4510.6
232,5091.3,4515.1
233,5116.2,4522.8
234,5140.5,4528.7
235,5162.6,4527.3
236,5188.9,4538.8
237,5213.1,4546.9
238,5239.5,4551.4
239,5261.9,4557.9
240,5285.7,4561.9
241,5310.4,4570.2
242,5333.4,4576.6
243,5354.1,4576.5
244,5382.8,4588.4
245,4915.7,4498.
246,4940.3,4503.
247,4964.7,4508.5
248,4988.5,4516.4
249,5013.8,4522.
250,5037.,4528.7
251,5061.2,4534.8
252,5085.5,4540.8
253,5110.3,4545.
254,5134.,4553.
255,5157.5,4557.8
256,5184.,4563.4
257,5206.8,4571.1
258,5231.2,4574.7
259,5255.2,4583.1
260,5305.4,4584.1
261,5327.4,4598.8
262,5352.7,4605.1
263,5375.5,4612.6
264,4887.1,4516.4
265,4957.8,4534.4
266,4982.,4540.5
267,5005.7,4545.1
268,5030.5,4552.8
269,5054.8,4558.9
270,5078.9,4562.9
271,5103.6,4570.1
272,5128.3,4574.3
273,5152.2,4581.8
274,5175.3,4588.3
275,5200.1,4595.2
276,5224.6,4601.3
277,5248.8,4607.2
278,5264.,4610.3
279,5297.3,4619.2
280,5321.4,4624.8
281,5343.7,4627.5
282,4951.1,4559.4
283,4974.6,4564.4
284,5000.,4570.
285,5023.1,4576.7
286,5047.7,4581.6
287,5072.6,4589.1
288,5096.8,4595.2
289,5120.5,4599.6
290,5144.9,4605.2
291,5169.2,4611.2
292,5193.9,4619.4
293,5217.4,4624.3
294,5242.4,4631.4
295,5266.7,4637.4
296,5290.5,4641.2
297,4945.4,4580.
298,4968.8,4586.1
299,4993.3,4594.9
300,5017.6,4601.
301,5041.9,4607.2
302,5066.1,4613.2
303,5089.5,4618.7
304,5114.8,4624.
305,5138.9,4631.5
306,5163.2,4637.6
307,5186.7,4642.4
308,5210.8,4648.9
309,5236.,4655.6
310,5260.2,4661.6
311,5283.9,4665.7
312,4986.8,4619.
313,5011.5,4623.5
314,5035.4,4631.3
315,5059.8,4635.4
316,5084.,4641.1
317,5108.3,4649.1
318,5132.6,4655.2
319,5155.7,4661.3
320,5181.2,4666.8
321,5205.2,4673.8
322,5229.2,4680.7
323,5253.8,4685.8
324,5278.5,4690.8
325,5302.3,4697.7
326,5004.6,4649.2
327,5028.1,4656.2
328,5052.9,4659.4
329,5076.3,4666.1
330,5100.7,4673.5
331,5126.2,4679.
332,5147.2,4693.3
333,5174.4,4688.3
334,5197.8,4697.7
335,5223.,4703.9
336,5247.5,4708.8
337,5270.1,4713.5
338,5295.4,4719.5
339,5022.3,4679.5
340,5046.6,4685.6
341,5070.8,4691.7
342,5095.4,4697.
343,5119.4,4703.9
344,5143.5,4710.9
345,5168.,4716.
346,5192.,4723.
347,5216.5,4728.1
348,5240.2,4733.9
349,5265.5,4738.1
350,5015.8,4703.4
351,5040.1,4709.7
352,5063.6,4714.4
353,5088.7,4721.9
354,5112.4,4726.1
355,5138.2,4734.3
356,5161.7,4739.2
357,5184.,4745.2
358,5209.6,4750.
359,5235.2,4757.9
360,5256.3,4761.1
361,5008.3,4727.4
362,5048.1,4735.6
363,5058.8,4740.1
364,5082.1,4746.
365,5106.4,4752.1
366,5130.4,4759.2
367,5154.5,4762.1
368,5179.3,4770.3
369,5205.,4774.9
370,5226.8,4782.1
371,5051.3,4764.
372,5075.6,4770.
373,5099.9,4776.2
374,5124.8,4779.8
375,5149.9,4786.7
376,5172.7,4794.4
377,5197.,4800.5
378,5221.3,4804.4
379,5045.3,4786.1
380,5069.,4794.2
381,5092.9,4798.2
382,5117.6,4806.4
383,5141.9,4812.5
384,5166.2,4818.5
385,5190.5,4824.6
386,5214.4,4828.2
387,5014.9,4806.2
388,5038.5,4811.2
389,5062.5,4818.3
390,5086.1,4823.2
391,5111.6,4828.6
392,5135.4,4836.6
393,5159.7,4842.6
394,5183.5,4848.5
395,5208.2,4854.7
396,4983.,4823.9
397,5006.9,4827.9
398,5031.6,4836.2
399,5056.4,4840.5
400,5080.5,4847.5
401,5104.1,4852.4
402,5128.,4859.9
403,5153.5,4864.8
404,5176.9,4871.1
405,5204.2,4877.2
406,5224.9,4883.2
407,4953.1,4842.
408,4975.,4845.5
409,5000.3,4851.9
410,5025.5,4858.3
411,5049.8,4864.5
412,5073.9,4871.6
413,5097.4,4877.5
414,5122.2,4884.7
415,5145.8,4889.6
416,5169.6,4894.5
417,5194.8,4902.8
418,4945.1,4863.6
419,4968.8,4871.7
420,4993.3,4877.3
421,5018.4,4884.3
422,5040.8,4890.
423,5067.,4896.6
424,5091.3,4902.7
425,5116.,4906.5
426,5140.,4914.9
427,5164.8,4919.
428,5188.3,4927.9
429,4938.4,4887.6
430,4963.2,4895.9
431,4987.5,4902.2
432,5011.8,4908.3
433,5036.1,4914.5
434,5060.4,4920.5
435,5110.,4933.1
436,5132.6,4937.7
437,5158.2,4943.1
438,4934.,4911.1
439,4957.,4918.
440,4979.9,4925.9
441,5005.2,4932.4
442,5029.5,4938.5
443,5054.5,4945.9
444,5078.1,4950.8
445,5102.4,4956.9
446,5126.8,4963.
447,5151.1,4969.
448,4925.6,4937.8
449,4949.9,4944.
450,4974.2,4950.2
451,4998.5,4956.4
452,5022.9,4962.5
453,5047.2,4968.7
454,5071.6,4974.6
455,5094.4,4978.5
456,5120.1,4987.
457,5144.9,4991.1
458,4919.3,4959.8
459,4943.2,4968.
460,4966.6,4973.8
461,4990.2,4978.9
462,5016.2,4986.5
463,5040.5,4992.7
464,5089.2,5005.
465,5113.5,5011.1
466,5137.8,5017.1
467,4912.3,4985.7
468,4936.6,4992.
469,4960.9,4998.2
470,4986.2,5004.6
471,5010.5,5010.8
472,5033.6,5017.7
473,5058.2,5022.9
474,5082.5,5029.
475,5107.9,5035.3
476,5131.3,5040.7
477,5155.5,5047.2
478,4905.6,5009.7
479,4929.9,5015.9
480,4955.2,5022.4
481,4978.6,5028.3
482,5002.9,5034.5
483,5027.2,5040.7
484,5052.,5044.9
485,5075.9,5053.
486,5100.2,5059.1
487,5124.6,5065.2
488,5148.9,5071.3
489,4898.9,5033.6
490,4924.7,5038.2
491,4947.6,5046.
492,4971.9,5052.3
493,4996.2,5058.5
494,5020.8,5063.7
495,5044.9,5070.8
496,5069.2,5077.
497,5093.6,5083.1
498,5117.9,5089.2
499,4891.5,5057.4
500,4915.6,5060.5
501,4940.8,5070.1
502,4965.2,5076.3
503,4989.7,5082.
504,5013.8,5088.7
505,5038.6,5093.5
506,5062.6,5101.
507,5086.9,5107.1
508,4861.1,5075.2
509,4885.4,5081.5
510,4908.8,5087.5
511,4935.,5094.2
512,4958.4,5100.3
513,4982.8,5106.5
514,5007.2,5112.7
515,5032.5,5119.1
516,5055.3,5123.1
517,4829.,5092.6
518,4854.3,5099.
519,4878.5,5106.3
520,4902.1,5111.5
521,4926.7,5116.7
522,4951.7,5124.2
523,4976.1,5130.4
524,5000.4,5136.6
525,5024.7,5142.5
526,5048.3,5148.7
527,4798.5,5108.2
528,4822.3,5116.4
529,4946.,5148.4
530,4969.,5152.2
531,4993.7,5160.6
532,5016.4,5165.5
533,5042.4,5172.9
534,5066.8,5179.
535,4767.9,5127.7
536,4792.2,5134.3
537,4962.6,5178.3
538,4986.9,5184.3
539,5011.2,5190.7
540,5044.3,5196.2
541,5059.2,5202.8
542,4762.9,5152.3
543,4785.5,5157.8
544,4955.9,5202.2
545,4980.8,5206.6
546,5004.5,5212.6
547,5028.,5220.6
548,5053.9,5225.1
549,4949.1,5226.1
550,4973.5,5232.4
551,4998.8,5238.8
552,5018.9,5241.8
553,5046.2,5248.7
554,5070.,5256.8
555,4942.6,5249.1
556,4966.7,5256.3
557,4990.3,5261.5
558,5014.7,5267.6
559,5040.1,5273.9
560,4959.9,5280.2
561,4984.1,5286.
562,5008.7,5292.5
563,4523.492,3608.654
564,4521.166,3636.537
565,4547.412,3610.616
566,4575.321,3612.9
567,4545.088,3638.503
568,4572.998,3640.79
569,4495.246,3658.462
570,4519.167,3660.435
571,4493.241,3682.354
572,4517.163,3684.331
573,4543.09,3662.404
574,4571.002,3664.695
575,4541.088,3686.303
576,4569.002,3688.597
577,4594.928,3666.653
578,4618.855,3668.607
579,4592.929,3690.558
580,4616.857,3692.514
581,4640.785,3694.465
582,4668.701,3696.734
583,4692.628,3698.673
584,4716.553,3700.608
585,4491.231,3706.244
586,4515.155,3708.225
587,4488.88,3734.114
588,4512.806,3736.098
589,4539.081,3710.2
590,4566.997,3712.497
591,4536.734,3738.077
592,4564.652,3740.378
593,4590.926,3714.461
594,4614.855,3716.419
595,4588.583,3742.345
596,4612.514,3744.306
597,4638.785,3718.372
598,4666.702,3720.643
599,4636.446,3746.261
600,4664.366,3748.535
601,4690.631,3722.584
602,4714.558,3724.52
603,4688.296,3750.478
604,4460.908,3779.885
605,4486.86,3757.999
606,4510.788,3759.987
607,4484.835,3781.882
608,4508.765,3783.873
609,4534.718,3761.969
610,4562.637,3764.274
611,4532.696,3785.859
612,4560.618,3788.167
613,4586.57,3766.243
614,4610.503,3768.206
615,4584.552,3790.139
616,4608.487,3792.104
617,4634.436,3770.164
618,4662.358,3772.44
619,4632.423,3794.064
620,4660.347,3796.342
621,4686.291,3774.384
622,4710.222,3776.323
623,4684.281,3798.288
624,4708.214,3800.228
625,4734.151,3778.255
626,4831.835,3810.148
627,4458.877,3803.762
628,4456.501,3831.615
629,4482.806,3805.763
630,4506.737,3807.758
631,4480.432,3833.62
632,4504.366,3835.619
633,4530.67,3809.746
634,4558.595,3812.058
635,4528.301,3837.611
636,4556.228,3839.927
637,4582.531,3814.032
638,4606.468,3816.
639,4580.167,3841.904
640,4604.106,3843.875
641,4630.405,3817.962
642,4658.331,3820.242
643,4628.045,3845.839
644,4655.974,3848.122
645,4682.267,3822.19
646,4706.203,3824.131
647,4679.913,3850.072
648,4703.851,3852.014
649,4829.834,3834.053
650,4827.495,3861.94
651,4426.541,3853.134
652,4454.459,3855.486
653,4424.492,3876.998
654,4452.413,3879.355
655,4478.392,3857.495
656,4502.328,3859.497
657,4476.348,3881.368
658,4500.286,3883.373
659,4526.266,3861.493
660,4554.195,3863.812
661,4524.225,3885.372
662,4552.157,3887.694
663,4578.135,3865.792
664,4602.077,3867.765
665,4576.1,3889.677
666,4600.043,3891.653
667,4626.018,3869.732
668,4653.95,3872.017
669,4623.987,3893.621
670,4651.921,3895.909
671,4677.891,3873.968
672,4701.831,3875.912
673,4675.865,3897.861
674,4699.807,3899.806
675,4825.487,3885.841
676,4853.398,3888.056
677,4398.507,3898.822
678,4396.104,3926.656
679,4422.439,3900.859
680,4450.362,3903.221
681,4420.036,3928.693
682,4447.962,3931.06
683,4474.299,3905.237
684,4498.239,3907.246
685,4471.902,3933.081
686,4495.845,3935.094
687,4522.181,3909.248
688,4550.115,3911.574
689,4519.789,3937.1
690,4547.727,3939.429
691,4598.006,3915.537
692,4571.675,3941.418
693,4621.952,3917.508
694,4649.889,3919.798
695,4619.572,3945.372
696,4647.512,3947.664
697,4673.834,3921.752
698,4697.779,3923.698
699,4671.461,3949.621
700,4695.408,3951.569
701,4721.722,3925.637
702,4719.354,3953.509
703,4394.037,3950.506
704,4391.965,3974.354
705,4417.972,3952.548
706,4445.901,3954.92
707,4415.903,3976.399
708,4443.834,3978.776
709,4467.779,3980.804
710,4545.675,3963.303
711,4569.625,3965.294
712,4593.576,3967.278
713,4591.525,3991.153
714,4617.528,3969.253
715,4645.471,3971.547
716,4615.479,3993.13
717,4643.425,3995.427
718,4669.422,3973.505
719,4693.372,3975.455
720,4667.379,3997.386
721,4691.331,3999.337
722,4717.32,3977.396
723,4745.258,3979.65
724,4715.282,4001.28
725,4743.223,4003.535
726,4767.17,4005.459
727,4791.114,4007.375
728,4441.763,4002.629
729,4439.341,4030.453
730,4465.71,4004.661
731,4489.66,4006.684
732,4463.291,4032.489
733,4487.244,4034.517
734,4511.199,4036.536
735,4539.149,4038.881
736,4565.514,4013.037
737,4589.47,4015.025
738,4563.107,4040.881
739,4587.067,4042.872
740,4613.426,4017.005
741,4641.376,4019.303
742,4611.026,4044.854
743,4638.979,4047.155
744,4665.332,4021.265
745,4689.287,4023.217
746,4662.939,4049.118
747,4686.897,4051.072
748,4713.241,4025.161
749,4741.185,4027.417
750,4710.855,4053.017
751,4738.802,4055.275
752,4765.135,4029.342
753,4789.081,4031.258
754,4762.755,4057.2
755,4786.706,4059.117
756,4813.025,4033.165
757,4810.653,4061.024
758,4437.259,4054.299
759,4435.173,4078.141
760,4461.212,4056.339
761,4485.168,4058.37
762,4459.129,4080.185
763,4483.087,4082.22
764,4509.126,4060.392
765,4537.079,4062.74
766,4507.048,4084.245
767,4535.004,4086.597
768,4561.04,4064.743
769,4585.002,4066.737
770,4558.968,4088.602
771,4582.933,4090.598
772,4608.965,4068.721
773,4636.921,4071.025
774,4606.899,4092.585
775,4634.859,4094.891
776,4660.883,4072.99
777,4684.845,4074.945
778,4658.824,4096.857
779,4682.788,4098.814
780,4708.805,4076.891
781,4736.756,4079.15
782,4706.751,4100.762
783,4734.706,4103.021
784,4760.712,4081.076
785,4784.665,4082.992
786,4758.665,4104.948
787,4782.622,4106.865
788,4808.616,4084.9
789,4806.575,4108.772
790,4834.516,4110.985
791,4457.041,4104.028
792,4481.002,4106.066
793,4478.563,4133.882
794,4504.965,4108.095
795,4532.925,4110.45
796,4502.53,4135.915
797,4530.494,4138.274
798,4556.892,4112.458
799,4580.86,4114.457
800,4554.465,4140.285
801,4578.437,4142.287
802,4604.829,4116.445
803,4632.792,4118.754
804,4602.409,4144.278
805,4630.376,4146.589
806,4656.761,4120.722
807,4680.728,4122.68
808,4654.348,4148.559
809,4678.32,4150.519
810,4704.694,4124.628
811,4732.653,4126.889
812,4702.289,4152.469
813,4730.252,4154.731
814,4756.615,4128.816
815,4780.574,4130.734
816,4754.218,4156.659
817,4778.182,4158.576
818,4804.531,4132.641
819,4476.468,4157.72
820,4474.369,4181.555
821,4500.438,4159.756
822,4528.406,4162.119
823,4498.342,4183.594
824,4526.313,4185.96
825,4552.38,4164.133
826,4576.355,4166.137
827,4550.29,4187.977
828,4574.268,4189.983
829,4600.33,4168.131
830,4628.301,4170.444
831,4598.247,4191.979
832,4626.222,4194.295
833,4652.276,4172.416
834,4676.251,4174.377
835,4650.201,4196.268
836,4674.178,4198.231
837,4700.224,4176.328
838,4728.191,4178.591
839,4698.155,4200.183
840,4752.16,4180.52
841,4448.29,4203.332
842,4472.265,4205.385
843,4469.804,4233.182
844,4496.241,4207.428
845,4524.216,4209.797
846,4493.784,4235.229
847,4521.764,4237.603
848,4548.196,4211.817
849,4572.178,4213.826
850,4545.748,4239.626
851,4569.734,4241.638
852,4596.16,4215.824
853,4624.139,4218.142
854,4593.72,4243.639
855,4621.704,4245.959
856,4648.121,4220.117
857,4672.102,4222.082
858,4645.69,4247.936
859,4669.675,4249.902
860,4696.082,4224.035
861,4693.659,4251.857
862,4465.571,4280.822
863,4491.674,4259.054
864,4519.658,4261.432
865,4489.559,4282.875
866,4517.547,4285.256
867,4543.645,4263.457
868,4567.634,4265.472
869,4541.538,4287.285
870,4565.531,4289.302
871,4591.624,4267.475
872,4619.612,4269.798
873,4589.524,4291.307
874,4617.516,4293.632
875,4643.601,4271.777
876,4667.59,4273.744
877,4641.509,4295.613
878,4665.502,4297.582
879,4691.578,4275.7
880,4689.493,4299.539
881,4717.482,4301.808
882,4439.46,4302.567
883,4463.448,4304.636
884,4460.966,4332.413
885,4487.439,4306.692
886,4515.432,4309.077
887,4484.961,4334.473
888,4512.958,4336.862
889,4539.427,4311.108
890,4563.423,4313.127
891,4536.958,4338.896
892,4560.958,4340.919
893,4587.42,4315.135
894,4615.416,4317.463
895,4584.96,4342.929
896,4612.962,4345.26
897,4639.413,4319.445
898,4663.41,4321.416
899,4636.963,4347.244
900,4660.964,4349.216
901,4687.405,4323.374
902,4684.964,4351.176
903,4712.962,4353.447
904,4458.833,4356.217
905,4432.695,4377.937
906,4456.696,4380.016
907,4482.832,4358.28
908,4510.834,4360.673
909,4480.699,4382.083
910,4508.705,4384.479
911,4534.837,4362.71
912,4558.841,4364.735
913,4532.712,4386.519
914,4556.72,4388.547
915,4582.847,4366.748
916,4610.853,4369.081
917,4580.73,4390.562
918,4608.741,4392.897
919,4634.859,4371.067
920,4658.864,4373.041
921,4632.75,4394.885
922,4656.759,4396.861
923,4682.867,4375.002
924,4710.87,4377.274
925,4680.767,4398.823
926,4708.775,4401.097
927,4430.549,4401.728
928,4454.554,4403.811
929,4452.049,4431.566
930,4478.561,4405.882
931,4506.572,4408.281
932,4504.078,4436.044
933,4530.583,4410.324
934,4554.595,4412.355
935,4528.094,4438.091
936,4552.111,4440.124
937,4578.609,4414.372
938,4606.625,4416.71
939,4576.129,4442.144
940,4604.151,4444.485
941,4630.638,4418.699
942,4654.651,4420.676
943,4628.169,4446.476
944,4652.187,4448.455
945,4678.663,4422.64
946,4706.676,4424.914
947,4676.204,4450.42
948,4704.223,4452.696
949,4730.685,4426.85
950,4728.236,4454.633
951,4752.248,4456.556
952,4425.885,4453.26
953,4449.898,4455.351
954,4447.742,4479.131
955,4473.914,4457.429
956,4501.935,4459.836
957,4471.762,4481.212
958,4499.788,4483.623
959,4525.955,4461.885
960,4549.977,4463.921
961,4523.813,4485.675
962,4547.839,4487.714
963,4573.999,4465.944
964,4602.026,4468.287
965,4571.865,4489.739
966,4599.897,4492.084
967,4626.049,4470.28
968,4650.071,4472.26
969,4623.924,4494.079
970,4647.951,4496.061
971,4674.093,4474.227
972,4702.116,4476.504
973,4671.977,4498.029
974,4700.006,4500.307
975,4726.134,4478.441
976,4750.15,4480.365
977,4724.028,4502.245
978,4748.049,4504.169
979,4774.163,4482.275
980,4772.066,4506.079
981,4445.581,4502.906
982,4497.637,4507.405
983,4495.122,4535.145
984,4521.666,4509.46
985,4545.696,4511.501
986,4519.156,4537.203
987,4543.192,4539.247
988,4569.727,4513.529
989,4597.764,4515.876
990,4567.228,4541.277
991,4595.271,4543.628
992,4621.796,4517.873
993,4645.827,4519.857
994,4619.308,4545.627
995,4643.345,4547.612
996,4669.858,4521.826
997,4697.892,4524.105
998,4667.381,4549.583
999,4695.421,4551.864
1000,4721.919,4526.044
1001,4745.944,4527.969
1002,4719.454,4553.803
1003,4743.484,4555.728
1004,4769.966,4529.879
1005,4797.989,4532.09
1006,4767.512,4557.639
1007,4795.541,4559.85
1008,4819.562,4561.729
1009,4843.578,4563.594
1010,4541.04,4563.024
1011,4538.885,4586.795
1012,4565.082,4565.056
1013,4593.13,4567.409
1014,4562.931,4588.83
1015,4590.985,4591.186
1016,4617.172,4569.41
1017,4641.213,4571.397
1018,4615.031,4593.188
1019,4639.078,4595.177
1020,4665.254,4573.369
1021,4693.3,4575.651
1022,4663.123,4597.15
1023,4691.174,4599.433
1024,4717.337,4577.591
1025,4741.372,4579.517
1026,4715.217,4601.375
1027,4739.257,4603.301
1028,4765.405,4581.428
1029,4793.439,4583.639
1030,4763.294,4605.212
1031,4791.334,4607.423
1032,4817.465,4585.518
1033,4841.487,4587.382
1034,4815.365,4609.302
1035,4839.392,4611.165
1036,4512.676,4608.509
1037,4536.726,4610.562
1038,4510.146,4636.227
1039,4534.201,4638.282
1040,4560.776,4612.599
1041,4588.836,4614.957
1042,4558.258,4640.322
1043,4586.324,4642.683
1044,4612.887,4616.961
1045,4636.938,4618.951
1046,4610.381,4644.69
1047,4634.438,4646.681
1048,4660.989,4620.926
1049,4689.046,4623.211
1050,4658.494,4648.658
1051,4686.558,4650.944
1052,4713.093,4625.152
1053,4737.138,4627.079
1054,4710.611,4652.887
1055,4734.662,4654.814
1056,4761.181,4628.991
1057,4789.226,4631.202
1058,4758.71,4656.726
1059,4786.763,4658.937
1060,4813.262,4633.08
1061,4837.294,4634.943
1062,4810.805,4660.815
1063,4834.843,4662.678
1064,4861.321,4636.791
1065,4858.876,4664.524
1066,4532.033,4662.037
1067,4529.861,4685.786
1068,4556.094,4664.079
1069,4584.167,4666.442
1070,4553.927,4687.831
1071,4582.005,4690.196
1072,4608.229,4668.451
1073,4632.29,4670.444
1074,4606.072,4692.207
1075,4630.139,4694.202
1076,4656.352,4672.422
1077,4684.421,4674.709
1078,4654.206,4696.181
1079,4682.282,4698.47
1080,4708.48,4676.653
1081,4732.536,4678.581
1082,4706.345,4700.414
1083,4730.406,4702.343
1084,4756.589,4680.493
1085,4784.648,4682.704
1086,4754.465,4704.255
1087,4782.53,4706.466
1088,4808.695,4684.582
1089,4832.738,4686.444
1090,4806.583,4708.344
1091,4830.631,4710.205
1092,4854.675,4712.051
1093,4551.756,4711.576
1094,4579.84,4713.945
1095,4549.218,4739.273
1096,4577.309,4741.644
1097,4603.912,4715.957
1098,4627.985,4717.954
1099,4601.388,4743.659
1100,4625.466,4745.657
1101,4652.056,4719.934
1102,4680.138,4722.224
1103,4649.544,4747.639
1104,4677.633,4749.931
1105,4704.207,4724.169
1106,4728.274,4726.099
1107,4701.708,4751.877
1108,4725.781,4753.807
1109,4752.338,4728.011
1110,4780.409,4730.222
1111,4749.852,4755.72
1112,4777.931,4757.931
1113,4804.467,4732.1
1114,4828.521,4733.961
1115,4801.995,4759.808
1116,4826.055,4761.669
1117,4852.57,4735.805
1118,4850.111,4763.512
1119,4878.171,4765.642
1120,4902.216,4767.45
1121,4547.038,4763.006
1122,4575.135,4765.38
1123,4544.854,4786.734
1124,4572.958,4789.11
1125,4599.219,4767.397
1126,4623.303,4769.397
1127,4597.047,4791.129
1128,4621.137,4793.131
1129,4647.386,4771.38
1130,4675.482,4773.673
1131,4645.226,4795.115
1132,4673.328,4797.409
1133,4699.563,4775.62
1134,4723.641,4777.55
1135,4697.414,4799.357
1136,4721.498,4801.288
1137,4747.717,4779.464
1138,4775.803,4781.675
1139,4745.58,4803.202
1140,4773.672,4805.413
1141,4799.872,4783.552
1142,4823.938,4785.412
1143,4797.747,4807.29
1144,4821.818,4809.15
1145,4848.,4787.255
1146,4876.066,4789.384
1147,4845.886,4810.992
1148,4873.959,4813.119
1149,4924.163,4792.979
1150,4898.016,4814.924
1151,4922.067,4816.712
1152,4948.203,4794.751
1153,4946.113,4818.482
1154,4570.777,4812.835
1155,4594.872,4814.855
1156,4618.967,4816.858
1157,4592.329,4842.528
1158,4616.43,4844.533
1159,4643.061,4818.845
1160,4671.17,4821.14
1161,4640.531,4846.521
1162,4668.648,4848.818
1163,4695.262,4823.089
1164,4692.746,4850.768
1165,4716.843,4852.7
1166,4743.439,4826.934
1167,4771.537,4829.146
1168,4740.937,4854.615
1169,4769.044,4856.826
1170,4795.618,4831.022
1171,4819.696,4832.881
1172,4793.131,4858.702
1173,4817.216,4860.561
1174,4843.769,4834.723
1175,4871.849,4836.849
1176,4841.296,4862.402
1177,4869.384,4864.527
1178,4895.912,4838.653
1179,4919.969,4840.439
1180,4893.453,4866.329
1181,4917.518,4868.113
1182,4944.02,4842.208
1183,4590.145,4866.241
1184,4614.252,4868.248
1185,4612.07,4891.957
1186,4638.359,4870.237
1187,4666.482,4872.536
1188,4636.183,4893.947
1189,4664.313,4896.247
1190,4690.587,4874.486
1191,4714.689,4876.419
1192,4688.424,4898.199
1193,4712.532,4900.132
1194,4738.789,4878.334
1195,4766.903,4880.546
1196,4736.638,4902.047
1197,4764.759,4904.259
1198,4790.996,4882.422
1199,4815.087,4884.28
1200,4788.858,4906.135
1201,4812.955,4907.992
1202,4839.173,4886.12
1203,4867.268,4888.244
1204,4837.047,4909.832
1205,4865.149,4911.955
1206,4891.343,4890.045
1207,4915.414,4891.828
1208,4889.231,4913.754
1209,4913.307,4915.536
1210,4609.885,4915.659
1211,4607.331,4943.303
1212,4634.004,4917.651
1213,4631.456,4945.297
1214,4659.602,4947.6
1215,4686.257,4921.904
1216,4710.372,4923.839
1217,4683.725,4949.553
1218,4707.847,4951.488
1219,4734.484,4925.754
1220,4762.611,4927.966
1221,4731.967,4953.405
1222,4760.103,4955.616
1223,4786.717,4929.842
1224,4810.82,4931.699
1225,4784.216,4957.492
1226,4808.325,4959.349
1227,4834.918,4933.538
1228,4863.027,4935.659
1229,4832.431,4961.187
1230,4860.549,4963.307
1231,4887.116,4937.458
1232,4911.198,4939.238
1233,4884.644,4965.104
1234,4908.735,4966.882
1235,4605.137,4966.992
1236,4629.269,4968.987
1237,4627.078,4992.671
1238,4655.239,4994.976
1239,4705.68,4975.181
1240,4703.509,4998.868
1241,4729.805,4977.098
1242,4757.949,4979.31
1243,4727.641,5000.784
1244,4755.792,5002.997
1245,4782.068,4981.185
1246,4806.184,4983.042
1247,4779.918,5004.872
1248,4804.04,5006.728
1249,4830.296,4984.879
1250,4858.421,4986.998
1251,4828.159,5008.564
1252,4856.291,5010.683
1253,4882.523,4988.794
1254,4880.4,5012.477
1255,4677.194,5020.61
1256,4701.335,5022.547
1257,4674.646,5048.228
1258,4698.794,5050.165
1259,4725.473,5024.465
1260,4753.632,5026.677
1261,4722.941,5052.083
1262,4751.108,5054.296
1263,4777.764,5028.552
1264,4801.893,5030.408
1265,4775.248,5056.171
1266,4799.385,5058.026
1267,4826.018,5032.244
1268,4854.159,5034.361
1269,4823.518,5059.861
1270,4851.667,5061.977
1271,4878.274,5036.154
1272,4748.941,5077.962
1273,4746.772,5101.621
1274,4773.088,5079.836
1275,4797.231,5081.691
1276,4770.925,5103.495
1277,4821.371,5083.526
1278,4744.599,5125.273
1279,4413.7,3979.5
1280,4376.7,4012.7
1281,4394.7,4014.1
1282,4411.3,4033.3
1283,4410.,4051.2
1284,4388.9,4066.2
1285,4426.6,4070.4
1286,4408.6,4069.1
1287,4389.3,4085.8
1288,4368.6,4120.2
1289,4385.2,4139.4
1290,4383.8,4157.3
1291,4371.3,4084.4
1292,4441.9,4107.6
1293,4422.6,4124.2
1294,4403.2,4140.7
1295,4457.2,4144.7
1296,4401.8,4158.6
1297,4437.8,4161.3
1298,4418.5,4177.9
1299,4363.1,4191.7
1300,4381.2,4193.1
1301,4399.1,4194.4
1302,4435.1,4197.1
1303,4361.7,4209.5
1304,4397.7,4212.3
1305,4415.8,4213.6
1306,4433.8,4215.
1307,4396.4,4230.2
1308,4414.4,4231.5
1309,4432.4,4232.9
1310,4450.4,4234.2
1311,4468.4,4235.5
1312,4377.,4246.7
1313,4431.,4250.8
1314,4375.6,4264.6
1315,4393.6,4266.
1316,4411.6,4267.3
1317,4429.7,4268.6
1318,4374.2,4282.5
1319,4410.3,4285.2
1320,4336.8,4297.6
1321,4408.9,4303.1
1322,4389.5,4319.6
1323,4407.5,4321.
1324,4316.,4332.
1325,4352.1,4334.7
1326,4370.1,4336.2
1327,4406.2,4338.8
1328,4424.2,4340.2
1329,4314.7,4349.9
1330,4368.7,4354.
1331,4404.7,4356.7
1332,4331.3,4369.1
1333,4367.3,4371.9
1334,4329.9,4387.
1335,4347.9,4388.4
1336,4365.9,4389.7
1337,4367.2,4138.
1338,4365.8,4155.9
1339,4310.5,4169.8
1340,4291.1,4186.3
1341,4326.9,4188.9
1342,4325.7,4206.9
1343,4252.3,4219.2
1344,4270.4,4220.6
1345,4288.4,4222.
1346,4324.4,4224.8
1347,4287.,4239.9
1348,4305.,4241.3
1349,4323.,4242.6
1350,4341.,4244.
1351,4359.,4245.4
1352,4285.6,4257.8
1353,4321.6,4260.5
1354,4357.6,4263.3
1355,4249.9,4274.
1356,4284.3,4275.5
1357,4264.8,4292.1
1358,4282.8,4293.5
1359,4300.8,4294.9
1360,4318.8,4296.3
1361,4191.4,4304.3
1362,4209.4,4305.7
1363,4263.4,4309.9
1364,4281.4,4311.4
1365,4208.,4323.5
1366,4244.,4326.4
1367,4262.1,4327.9
1368,4242.6,4344.2
1369,4260.5,4345.6
1370,4296.6,4348.5
1371,4241.2,4362.1
1372,4302.1,4043.2
1373,4300.7,4061.1
1374,4299.3,4079.
1375,4317.3,4080.3
1376,4335.3,4081.7
1377,4280.,4095.5
1378,4332.2,4098.3
1379,4332.6,4117.5
1380,4259.3,4129.9
1381,4295.4,4132.6
1382,4313.2,4134.
1383,4204.1,4143.7
1384,4220.6,4162.8
1385,4238.6,4164.2
1386,4185.3,4178.2
1387,4237.2,4182.1
1388,4218.3,4200.3
1389,4339.4,4028.
1390,4336.7,4044.3
1391,4288.,3970.1
1392,4270.2,3986.8
1393,4288.1,3988.2
1394,4213.5,3998.9
1395,4232.9,4001.9
1396,4286.9,4006.2
1397,4195.6,4017.1
1398,4213.6,4018.5
1399,4285.4,4023.9
1400,4248.4,4037.4
1401,4266.1,4040.5
1402,4192.9,4052.9
1403,4228.8,4055.6
1404,4246.8,4057.
1405,4264.8,4058.3
1406,4282.7,4059.7
1407,4191.6,4069.2
1408,4209.5,4072.1
1409,4281.4,4077.6
1410,4172.2,4087.2
1411,4190.2,4088.6
1412,4244.1,4092.7
1413,4260.6,4092.5
1414,4202.3,3927.5
1415,4220.6,3929.2
1416,4238.4,3930.5
1417,4201.1,3945.5
1418,4254.9,3949.6
1419,4199.9,3961.8
1420,4235.6,3966.2
1421,4271.9,3967.1
1422,4198.3,3981.3
1423,4252.2,3985.4
1424,4161.1,3996.4
1425,4197.1,3997.7
1426,4162.5,4014.3
1427,4177.8,4015.6
1428,4176.3,4033.6
1429,4151.4,3886.1
1430,4169.2,3889.2
1431,4187.2,3890.8
1432,4149.9,3905.7
1433,4167.9,3907.
1434,4148.8,3923.5
1435,4145.9,3959.3
1436,4143.1,3995.
1437,4112.7,3920.8
1438,4093.4,3937.3
1439,4111.4,3938.7
1440,4074.1,3953.7
1441,4090.7,3973.
1442,4108.6,3974.4
1443,4070.1,4005.8
1444,4050.7,4023.7
1445,4085.1,4025.
1446,4104.5,4027.7
1447,4103.2,4045.5
1448,4083.9,4062.2
1449,4142.5,4070.1
1450,4066.,4060.8
1451,4116.7,4082.6
1452,4154.2,4085.8
1453,4063.1,4096.5
1454,4134.9,4102.2
1455,4079.8,4114.3
1456,4097.6,4117.3
1457,4116.2,4119.
1458,4096.5,4135.
1459,4114.2,4136.6
1460,4150.1,4139.4
1461,4186.,4142.2
1462,4058.9,4150.1
1463,4185.7,4161.6
1464,4057.5,4167.9
1465,4075.5,4169.4
1466,4111.4,4172.2
1467,4129.4,4173.7
1468,4167.1,4175.9
1469,4091.9,4188.4
1470,4110.1,4190.
1471,4089.2,4204.9
1472,4108.2,4206.9
1473,4143.1,4209.1
1474,4199.4,4215.4
1475,4216.4,4216.4
1476,4053.4,4221.3
1477,4088.9,4223.7
1478,4069.9,4240.7
1479,4087.9,4242.1
1480,4106.3,4243.3
1481,4159.6,4247.8
1482,4213.6,4252.2
1483,4104.4,4261.4
1484,4067.1,4276.1
1485,4103.,4279.3
1486,4189.1,4285.9
1487,4065.6,4294.2
1488,4100.4,4295.8
1489,4137.5,4300.
1490,4062.6,4312.
1491,4100.,4314.8
1492,4118.1,4316.4
1493,4136.1,4317.8
1494,4062.8,4329.7
1495,4116.7,4334.1
1496,4151.1,4336.9
1497,4187.1,4339.9
1498,4206.7,4358.6
1499,4223.2,4360.7
1500,4113.8,4369.9
1501,4221.7,4378.4
1502,4239.8,4379.9
1503,4130.4,4389.2
1504,4166.4,4392.1
1505,4183.,4391.5
1506,4258.1,4398.4
1507,4183.,4411.4
1508,4201.,4412.8
1509,4218.9,4414.2
1510,4291.2,4419.9
1511,4271.6,4436.4
1512,4289.6,4437.7
1513,4288.2,4455.6
1514,4250.7,4470.5
1515,4313.3,4367.7
1516,4403.4,4374.6
1517,4311.9,4385.6
1518,4383.9,4391.1
1519,4420.,4393.8
1520,4292.4,4402.1
1521,4346.5,4406.2
1522,4382.6,4409.
1523,4309.,4421.3
1524,4327.1,4422.7
1525,4345.1,4424.1
1526,4363.1,4425.4
1527,4417.2,4429.5
1528,4306.2,4437.5
1529,4362.,4443.6
1530,4379.8,4444.7
1531,4415.8,4447.4
1532,4324.1,4458.4
1533,4342.2,4459.8
1534,4396.4,4463.9
1535,4268.8,4472.
1536,4286.9,4472.
1537,4304.8,4474.8
1538,4340.9,4477.6
1539,4358.9,4479.1
1540,4267.4,4489.9
1541,4285.5,4489.8
1542,4321.4,4494.1
1543,4302.1,4509.
1544,4318.6,4529.6
1545,4317.3,4546.2
1546,4414.4,4465.3
1547,4377.,4480.4
1548,4395.,4481.8
1549,4413.,4483.1
1550,4411.6,4501.
1551,4410.2,4518.8
1552,4354.9,4532.8
1553,4390.8,4535.3
1554,4408.8,4536.7
1555,4426.9,4538.
1556,4371.4,4551.9
1557,4389.4,4553.2
1558,4425.4,4555.7
1559,4461.7,4558.6
1560,4497.7,4561.2
1561,4369.9,4569.6
1562,4406.,4572.4
1563,4460.2,4576.4
1564,4478.1,4577.8
1565,4514.4,4580.4
1566,4386.8,4585.9
1567,4404.8,4590.1
1568,4440.7,4592.9
1569,4494.9,4596.9
1570,4513.,4598.3
1571,4403.3,4608.1
1572,4421.3,4609.4
1573,4439.3,4610.8
1574,4493.5,4614.8
1575,4401.7,4625.9
1576,4419.7,4627.4
1577,4436.4,4628.5
1578,4492.,4631.
1579,4418.4,4645.1
1580,4417.1,4662.8
1581,4471.2,4667.
1582,4415.6,4680.7
1583,4432.2,4682.
1584,4506.,4687.5
1585,4488.6,4705.9
1586,4504.6,4705.3
1587,4522.6,4706.6
1588,4485.1,4721.8
1589,4503.2,4723.1
1590,4521.2,4724.5
1591,4465.6,4738.3
1592,4445.9,4754.9
1593,4482.3,4757.5
1594,4500.4,4758.8
1595,4461.9,4774.5
1596,4461.3,4791.8
1597,4479.4,4793.1
1598,4515.6,4795.9
1599,4532.2,4815.
1600,4546.2,4869.6
1601,4526.6,4886.1
1602,4544.7,4887.4
1603,4562.1,4887.2
1604,4581.,4890.
1605,4526.8,4904.5
1606,4543.3,4905.2
1607,4560.,4924.3
1608,4575.4,4959.7
1609,4537.7,4976.3
1610,4480.2,5007.9
1611,4571.1,5014.5
1612,4588.8,5011.1
1613,4625.9,5020.1
1614,4605.9,5034.9
1615,4568.1,5050.
1616,4640.8,5055.2
1617,4527.9,5101.
1618,4561.,5121.
1619,4585.1,5067.5
1620,4639.4,5072.9
1621,4620.,5088.
1622,4656.4,5091.3
1623,4580.7,5103.1
1624,4671.2,5113.6
1625,4600.,5119.8
1626,4635.1,5126.3
1627,4653.3,5127.5
1628,4671.4,5128.7
1629,4615.5,5143.4
1630,4633.7,5144.
1631,4670.,5146.5
1632,4742.5,5153.8
1633,4650.4,5163.
1634,4777.6,5171.4
1635,4813.9,5173.7
1636,4721.7,5185.6
1637,4758.,5187.9
1638,4684.,5200.9
1639,4664.4,5217.5
1640,4715.3,5221.
1641,4755.6,5224.4
1642,4771.8,5224.1
1643,4792.2,5225.4
1644,4872.5,5123.6
1645,4834.7,5139.3
1646,4852.9,5140.4
1647,4850.4,5175.7
1648,4868.3,5176.9
1649,4849.,5194.
1650,4903.2,5196.9
1651,4939.6,5197.5
1652,4901.8,5214.6
1653,4920.,5215.6
1654,4809.8,5226.8
1655,4827.7,5228.1
1656,4882.4,5231.2
1657,4900.5,5232.4
1658,4917.,5231.7
1659,4936.7,5234.5
1660,5081.7,5242.4
1661,4808.3,5244.6
1662,4826.5,5245.7
1663,4862.8,5247.9
1664,5082.7,5259.4
1665,4843.3,5264.6
1666,4950.9,5269.3
1667,4841.9,5282.3
1668,4860.1,5283.4
1669,4969.,5289.7
1670,5059.6,5294.7
1671,5114.1,5297.4
1672,4876.8,5302.2
1673,4913.2,5304.3
1674,4931.3,5305.4
1675,4950.7,5308.1
1676,4985.8,5308.4
1677,5022.,5310.4
1678,5058.3,5312.3
1679,4839.1,5317.7
1680,4857.3,5318.8
1681,4930.,5323.1
1682,4966.3,5325.1
1683,4984.4,5326.2
1684,5020.7,5328.1
1685,5057.,5330.
1686,5075.1,5330.9
1687,4874.2,5337.4
1688,4983.1,5343.8
1689,5019.4,5345.8
1690,5090.5,5348.
1691,4872.7,5355.3
1692,4963.6,5360.5
1693,5036.2,5364.4
1694,4835.,5369.4
1695,5051.2,5382.
1696,5015.4,5398.8
1697,4500.9,4668.1
1698,4500.7,4668.9
1699,4502.3,4667.9
1700,4502.9,4667.5
1701,4505.8,4664.8
1702,4504.6,4664.2
1703,4508.2,4663.1
1704,4508.,4662.8
1705,4503.1,4664.4
1706,4503.6,4667.9
1707,4253.4,3984.8
1708,4251.2,3983.1
1709,4251.3,3983.4
1710,4251.1,3983.9
1711,4251.2,3984.2
1712,4252.5,3985.5
1713,4251.,3984.3
1714,4251.,3985.
1715,4251.4,3985.5
1716,4253.8,3985.2
1717,4293.3,4374.
1718,4292.9,4373.6
1719,4290.6,4373.
1720,4288.9,4371.5
1721,4289.3,4374.8
1722,4289.9,4374.9
1723,4286.8,4370.4
1724,4287.4,4370.8
1725,4288.4,4374.7
1726,4287.9,4373.8
1727,4109.4,3947.
1728,4111.8,3943.5
1729,4112.8,3946.2
1730,4114.5,3944.8
1731,4121.,3949.
1732,4118.4,3950.5
1733,4120.2,3948.8
1734,4121.9,3943.6
1735,4120.6,3945.7
1736,4119.4,3951.6
1737,4718.9,5093.6
1738,4716.4,5106.7
1739,4720.,5093.3
1740,4719.7,5092.6
1741,4718.2,5088.9
1742,4721.7,5089.4
1743,4721.3,5088.1
1744,4724.5,5090.2
1745,4725.6,5089.4
1746,4716.7,5108.4
1747,4228.3,4089.1
1748,4224.2,4086.9
1749,4230.1,4087.
1750,4224.2,4085.
1751,4224.9,4082.8
1752,4232.2,4088.1
1753,4228.8,4084.
1754,4230.3,4085.5
1755,4435.6,4328.1
1756,4434.7,4328.
1757,4436.9,4326.2
1758,4433.6,4328.1
1759,4436.2,4322.7
1760,4433.4,4324.6
1761,4429.7,4335.2
1762,4432.2,4335.6
1763,4435.9,4334.9
1764,4437.,4333.8
1765,5123.9,4204.1
1766,4986.6,4206.9
1767,5003.4,4178.5
1768,4997.7,4189.
1769,5005.9,4192.
1770,5004.9,4188.2
1771,4997.6,4184.9
1772,4938.2,4259.2
1773,4942.4,4269.1
1774,5002.,4144.6
1775,5053.8,4151.2
1776,5056.7,4155.9
1777,5120.6,4200.7
1778,5121.8,4204.2
1779,4751.,5138.7
1780,5136.8,4211.2
1781,5134.7,4209.7
1782,5145.,4204.9
1783,5142.6,4215.6
1784,5147.2,4236.
1785,5195.5,4255.5
1786,5193.4,4256.
1787,5202.4,4255.4
1788,5200.8,4255.9
1789,5098.8,4238.8
1790,5099.1,4236.8
1791,5145.8,4270.9
1792,5125.7,4308.7
1793,5113.7,4306.3
1794,5074.3,4309.8
1795,5066.3,4321.1
1796,5078.6,4308.6
1797,5072.9,4315.2
1798,5070.4,4315.8
1799,5072.6,4309.5
1800,5009.,4316.7
1801,4987.,4388.4
1802,4988.7,4388.
1803,4987.1,4385.
1804,4985.6,4388.2
1805,4987.1,4387.9
1806,5067.7,4423.1
1807,5066.7,4424.6
1808,5222.3,4671.5
1809,5341.9,4423.
1810,5321.2,4456.4
1811,5327.8,4557.2
1812,5330.2,4557.3
1813,5342.8,4560.1
1814,5251.6,4562.8
1815,5297.5,4568.4
1816,5261.9,4593.2
1817,5017.1,4709.
1818,5045.4,4713.5
1819,5062.5,4736.5
1820,5050.,4747.5
1821,5051.7,4746.8
1822,5050.7,4745.
1823,5048.7,4745.5
1824,5029.3,4763.2
1825,5129.4,4845.5
1826,5157.3,4844.4
1827,4990.2,4811.3
1828,5182.8,4882.8
1829,5183.3,4872.7
1830,5173.,4885.4
1831,5180.3,4883.3
1832,5175.2,4889.3
1833,5019.2,4900.2
1834,5018.5,4898.4
1835,5087.5,4940.8
1836,5087.5,4937.4
1837,5093.7,4950.2
1838,5087.8,4958.1
1839,5078.1,4952.1
1840,5092.1,4958.4
1841,5012.5,5054.4
1842,5023.8,5090.5
1843,5034.9,5094.3
1844,5036.9,5097.6
1845,5012.9,5112.6
1846,5035.6,5280.
1847,5030.1,5278.9
1848,5027.2,5272.4
1849,5027.4,5281.3
1850,4768.6,5121.2
1851,4770.3,5118.9
1852,4749.6,5136.6
1853,4748.8,5138.2
1854,5158.4,4245.
1855,5161.7,4238.7
1856,5160.2,4240.
1857,5095.2,4185.8
1858,5088.5,4187.5
1859,5089.6,4184.8
1860,4987.6,4217.7
1861,4991.5,4218.1
1862,4988.7,4216.
1863,4946.9,4333.4
1864,4947.7,4332.
1865,4950.,4332.4
1866,4922.,4503.7
1867,4921.3,4499.2
1868,4919.3,4499.6
1869,5003.8,4492.3
1870,5008.2,4495.9
1871,5004.9,4494.6
1872,5130.8,4454.1
1873,5134.5,4451.9
1874,5132.7,4449.8
1875,5293.1,4624.7
1876,5290.3,4627.
1877,5290.3,4624.4
1878,5384.2,4572.9
1879,5384.1,4570.2
1880,5379.4,4568.6
1881,5314.1,4516.2
1882,5314.1,4522.7
1883,5311.6,4519.6
1884,5036.3,4352.5
1885,5039.3,4350.3
1886,5040.2,4347.
1887,5224.5,4807.1
1888,5227.6,4807.3
1889,5200.7,4872.6
1890,5197.5,4874.7
1891,5198.3,4872.3
1892,5093.3,4914.
1893,5089.8,4915.3
1894,5092.7,4910.7
1895,5005.3,4828.5
1896,5003.9,4832.3
1897,5115.1,4827.9
1898,5114.8,4831.7
1899,5113.6,4829.2
1900,5150.4,4732.2
1901,5148.5,4729.8
1902,5151.1,4730.6
1903,5014.5,4735.3
1904,5011.8,4729.9
1905,5049.5,4710.6
1906,5049.3,4707.4
1907,5053.2,4713.
1908,5256.1,4327.8
1909,4977.4,4937.6
1910,5063.7,4997.6
1911,5065.8,4995.9
1912,5066.9,4997.8
1913,4999.7,5304.2
1914,5003.1,5301.4
1915,5001.3,5302.1
1916,4868.1,5065.8
1917,4865.2,5067.8
1918,5120.6,4234.6
1919,5121.,4231.9
1920,5117.9,4233.8
1921,5151.3,4311.7
1922,5148.2,4308.5
1923,5151.1,4307.
1924,5128.2,4203.6
1925,5124.6,4206.3
1926,5256.8,4283.9
1927,5256.4,4285.9
1928,5260.,4289.8
1929,5302.9,4385.7
1930,5307.,4388.3
1931,5301.1,4390.8
1932,5313.8,4446.1
1933,5318.5,4446.8
1934,5318.8,4448.9
1935,5371.4,4505.7
1936,5372.,4503.1
1937,5372.7,4507.
1938,5268.,4497.1
1939,5271.4,4495.
1940,5272.6,4495.6
1941,5242.4,4579.5
1942,5240.5,4581.4
1943,5241.9,4583.4
1944,5166.6,4563.8
1945,5163.4,4560.1
1946,5167.2,4460.8
1947,5168.7,4462.4
1948,5173.2,4461.9
1949,5113.6,4405.7
1950,5115.,4407.1
1951,5119.3,4402.9
1952,5081.2,4436.1
1953,5075.2,4439.
1954,5078.1,4436.1
1955,5088.5,4511.6
1956,5094.9,4511.9
1957,5097.1,4510.4
1958,5041.1,4529.8
1959,5038.6,4531.7
1960,5035.2,4534.9
1961,4962.4,4505.7
1962,4957.9,4502.5
1963,4958.,4508.7
1964,4980.9,4410.3
1965,4983.7,4410.1
1966,5040.6,4608.7
1967,5042.5,4608.8
1968,5042.,4607.1
1969,5260.7,4688.3
1970,5262.8,4687.3
1971,5263.,4689.3
1972,5191.8,4733.9
1973,5193.5,4733.9
1974,5202.7,4781.5
1975,5201.5,4781.3
1976,5201.6,4779.8
1977,5176.7,4892.6
1978,5176.,4893.6
1979,5174.9,4892.8
1980,5017.7,4802.8
1981,5017.2,4804.
1982,4974.6,4817.5
1983,4972.8,4814.
1984,4973.1,4818.1
1985,4964.1,4997.6
1986,4962.6,4998.8
1987,4918.9,5017.
1988,4921.7,5014.9
1989,4920.9,5018.1
1990,4934.5,5082.3
1991,4931.5,5082.3
1992,4933.7,5077.1
1993,4874.1,5108.5
1994,4875.2,5106.7
1995,4876.9,5108.8
1996,4982.1,5145.6
1997,4986.2,5148.3
1998,4985.1,5142.9
1999,5032.2,5155.2
2000,5031.9,5152.3
2001,5032.5,5159.1
2002,5068.1,5048.5
2003,5066.7,5051.5
2004,5065.9,5048.2
2005,5134.5,4977.2
2006,5036.1,4930.6
2007,5032.5,4932.5
2008,5035.7,4927.3
2009,5065.6,4363.9
2010,5071.1,4363.3
2011,5076.1,4362.8
2012,5081.6,4361.7
2013,5092.4,4360.8
2014,5067.,4377.9
2015,5073.,4377.2
2016,5078.8,4376.5
2017,5084.7,4375.8
2018,4878.3,4165.9
2019,4876.6,4171.2
2020,4877.9,4169.5
2021,4889.3,4139.7
2022,4885.4,4143.3
2023,5146.2,4664.2
2024,5147.9,4664.3
2025,4944.8,4866.8
2026,4940.,4865.4
2027,4941.8,4867.4
2028,4773.1,5117.9
2029,4771.6,5119.
2030,4767.6,5121.4
2031,4990.5,5247.9
2032,4988.5,5249.5
2033,4985.7,5251.1
2034,4986.2,5204.6
2035,4987.9,5208.
2036,4988.1,5205.4
2037,5154.9,4643.4
2038,5156.,4642.8
2039,4907.1,4492.2
2040,4948.2,4317.6
2041,5050.,4337.6
2042,4994.,4208.5
2043,5135.,4440.8
2044,5213.5,4534.7
2045,5162.8,4302.8
2046,4983.8,4385.3
2047,5015.,4827.5
2048,5016.8,4825.1
2049,5014.8,4823.8
2050,5013.8,4827.2
2051,5043.5,4821.5
2052,4829.9,5086.2
2053,5042.2,4823.7
2054,5332.5,4465.8
2055,5016.9,4806.2
2056,4996.4,4814.9
2057,4990.8,4806.2
2058,5081.7,4201.1
2059,5178.7,4287.7
2060,5211.5,4644.9
2061,5022.8,4380.
2062,5023.1,4378.4
2063,5024.7,4379.7
2064,5024.,4380.9
2065,5022.,4384.8
2066,5023.,4381.9
2067,5022.3,4381.5
2068,5023.4,4384.3
2069,5025.3,4381.1
2070,5027.7,4377.9
2071,5027.3,4379.
2072,5106.,4502.8
2073,5105.1,4504.
2074,5103.6,4503.3
2075,5105.1,4502.
2076,5104.5,4500.9
2077,5105.3,4503.
2078,5351.6,4602.3
2079,5351.9,4601.3
2080,5350.8,4598.7
2081,5349.3,4597.9
2082,5351.3,4597.1
2083,5351.8,4601.9
2084,5353.3,4603.1
2085,5351.,4603.2
2086,5347.1,4599.9
2087,5353.,4596.
2088,5349.9,4600.4
2089,5354.8,4604.9
2090,5351.5,4604.9
2091,5355.8,4598.5
2092,5348.6,4598.7
2093,5358.6,4596.4
2094,5354.8,4598.9
2095,5358.1,4597.1
2096,5357.1,4598.3
2097,5298.7,4714.6
2098,5298.9,4712.2
2099,5298.6,4706.8
2100,5151.2,4903.8
2101,5151.,4901.3
2102,5142.3,4897.9
2103,5263.6,4743.9
2104,5196.,4343.9
2105,5195.1,4346.6
2106,5193.4,4346.3
2107,5191.8,4343.8
2108,5191.2,4345.
2109,5047.8,4788.3
2110,5002.,4507.6
2111,4590.6,4188.4
2112,4494.6,3857.8
2113,4503.7,3867.2
2114,4710.,4122.6
2115,4787.3,4056.5
2116,4442.4,3860.3
2117,4442.3,3862.6
2118,4442.8,3861.1
2119,4442.1,3862.4
2120,4439.7,3865.1
2121,4774.7,4015.6
2122,4768.1,4053.
2123,4771.3,4051.4
2124,4577.1,3873.
2125,4754.6,4035.1
2126,4764.4,4074.5
2127,4537.1,3714.
2128,4479.2,3707.2
2129,4486.9,3702.1
2130,4493.1,3705.6
2131,4449.1,3865.4
2132,4445.8,3868.8
2133,4641.8,4005.5
2134,4720.2,3699.
2135,4758.,4115.4
2136,4454.1,3796.1
2137,4735.1,3979.9
2138,4784.5,4045.7
2139,4589.7,4529.9
2140,4594.4,4540.5
2141,4602.8,4543.5
2142,4843.4,4643.6
2143,4583.,4451.
2144,4598.8,3835.3
2145,4752.2,4103.2
2146,4524.,3801.8
2147,4672.7,3688.8
2148,4768.6,4031.7
2149,4768.2,4031.8
2150,4768.3,4028.2
2151,4858.2,3902.5
2152,4862.8,3906.7
2153,4870.2,3909.4
2154,4861.5,3899.7
2155,4863.2,3909.
2156,4767.4,4028.5
2157,4769.4,4030.9
2158,4451.2,3851.8
2159,4739.3,4104.8
2160,4739.2,4106.3
2161,4734.6,4104.5
2162,4733.3,4103.1
2163,4589.8,3624.7
2164,4593.8,3616.
2165,4576.9,3632.6
2166,4755.2,4060.6
2167,4563.2,3861.9
2168,4571.3,3856.3
2169,4569.7,3860.
2170,4576.5,3888.2
2171,4427.4,3886.4
2172,4587.8,4167.4
2173,4598.2,4537.5
2174,4530.4,4593.6
2175,4587.7,4536.7
2176,4533.5,4592.6
2177,4534.8,4588.
2178,4529.5,4591.
2179,4525.4,4591.4
2180,4603.5,4535.8
2181,4529.6,4594.2
2182,4597.8,4538.
2183,4522.6,4657.5
2184,4626.4,4005.9
2185,4648.2,4196.8
2186,4746.9,4102.8
2187,4760.5,4081.
2188,4620.8,4031.9
2189,4481.1,4120.9
2190,4558.2,4463.2
2191,4558.5,4463.1
2192,4714.2,3724.9
2193,4686.,5049.4
2194,4683.5,5051.1
2195,4677.6,3702.9
2196,4786.8,4062.1
2197,4650.1,3936.1
2198,4650.6,3915.4
2199,4663.3,3952.2
2200,4627.9,3938.7
2201,4680.1,3941.4
2202,4755.3,5007.6
2203,4747.5,4150.8
2204,4598.3,3911.3
2205,4489.2,3710.3
2206,4519.3,3693.8
2207,4658.5,4407.8
2208,4703.2,4263.9
2209,4611.5,3798.9
2210,4626.7,3774.
2211,4657.2,3759.8
2212,4614.2,3740.7
2213,4654.4,3791.1
2214,4587.6,3760.4
2215,4605.1,3771.
2216,4736.4,3785.
2217,4691.3,3748.2
2218,4658.7,3919.9
2219,4649.9,3931.7
2220,4582.5,4299.6
2221,4757.3,4150.7
2222,4792.1,4053.
2223,4601.9,4193.
2224,4663.9,4024.1
2225,4664.7,4149.9
2226,4624.2,4194.1
2227,4807.1,4056.
2228,4450.,4000.6
2229,4672.9,3692.1
2230,4760.4,4039.6
2231,4464.9,3763.6
2232,4672.4,4122.9
2233,4657.7,4154.3
2234,4781.5,4102.7
2235,4666.4,3777.6
2236,4667.8,3775.5
2237,4651.2,3775.
2238,4715.4,4125.5
2239,4461.2,3933.2
2240,4548.9,3683.5
2241,4739.2,3787.5
2242,4740.4,3793.6
2243,4623.8,4043.5
2244,4537.2,3767.9
2245,4611.4,3851.
2246,4608.5,3858.1
2247,4460.6,3901.7
2248,4804.1,4083.5
2249,4776.9,4057.
2250,4665.3,4014.7
2251,4718.8,4190.5
2252,4668.3,4320.2
2253,4664.,4334.3
2254,4550.5,3654.3
2255,4813.9,3861.2
2256,4811.,3825.5
2257,4643.7,4195.5
2258,4464.4,3853.3
2259,4781.5,4079.
2260,4779.6,4080.1
2261,4516.,3636.1
2262,4516.9,3636.
2263,4609.1,3823.5
2264,4579.3,3636.4
2265,4819.,4566.4
2266,4824.1,4566.8
2267,4818.6,4566.9
2268,4811.2,4136.7
2269,4815.7,4130.1
2270,4781.8,4077.7
2271,4579.7,4037.9
2272,4862.2,4730.4
2273,4474.,3897.7
2274,4664.9,3923.2
2275,4475.2,3880.8
2276,4464.1,3820.3
2277,4464.9,3822.1
2278,4573.7,3849.6
2279,4585.6,3878.3
2280,4777.9,4055.4
2281,4628.8,4050.5
2282,4449.5,3981.5
2283,4448.8,3982.9
2284,4448.1,3985.1
2285,4448.8,3983.7
2286,4827.4,4118.6
2287,4776.,4068.6
2288,4615.2,4172.5
2289,4624.8,4162.4
2290,4673.2,4084.4
2291,4668.6,4080.6
2292,4793.8,4077.3
2293,4602.8,3822.
2294,4599.2,3820.7
2295,4604.4,3820.4
2296,4481.4,3870.2
2297,4481.3,3870.2
2298,4485.1,3868.7
2299,4470.8,3871.2
2300,4480.2,3873.7
2301,4485.1,3878.
2302,4414.4,3908.7
2303,4900.1,4802.5
2304,4901.2,4796.9
2305,4869.5,4790.1
2306,4867.8,4799.8
2307,4541.7,3648.6
2308,4602.6,3926.4
2309,4669.4,4173.2
2310,4540.4,3934.5
2311,4537.5,3939.1
2312,4690.1,3978.9
2313,4691.4,3978.8
2314,4793.,4040.4
2315,4608.7,4057.3
2316,4602.6,4057.
2317,4656.1,3971.9
2318,4615.1,4576.7
2319,4461.4,3813.6
2320,4515.5,3619.3
2321,4593.4,3617.7
2322,4488.9,3832.
2323,4539.6,3659.8
2324,4624.9,3784.9
2325,4630.1,3797.3
2326,4463.8,3874.7
2327,4527.2,4174.7
2328,4605.9,4429.
2329,4790.4,4048.1
2330,4790.5,4046.2
2331,4762.1,4058.3
2332,4549.1,4478.3
2333,4555.7,4478.5
2334,4443.,3846.3
2335,4864.9,4784.7
2336,4567.9,3774.5
2337,4680.3,4045.3
2338,4631.1,4091.8
2339,4633.5,4100.5
2340,4655.1,3745.9
2341,4757.8,4007.8
2342,4750.3,4033.5
2343,4661.5,3848.7
2344,4756.2,4540.2
2345,4571.9,4524.3
2346,4809.3,4554.5
2347,4805.4,4056.
2348,4671.9,3949.8
2349,4568.,3766.3
2350,4532.9,3902.2
2351,4532.2,3891.4
2352,4446.1,3872.8
2353,4622.4,4732.2
2354,4626.,3752.5
2355,4629.5,3762.9
2356,4768.3,4114.4
2357,4787.8,4113.8
2358,4684.5,4095.6
2359,4696.1,4071.6
2360,4704.5,3800.2
2361,4703.5,3812.9
2362,4710.9,3787.1
2363,4517.9,3815.2
2364,4795.8,4840.4
2365,4750.1,4484.7
2366,4736.9,4475.1
2367,4590.8,3690.7
2368,4791.4,4047.1
2369,4543.6,4034.8
2370,4404.8,3932.1
2371,4405.9,3932.4
2372,4396.5,3933.3
2373,4404.,3934.7
2374,4407.9,3921.2
2375,4418.3,3952.9
2376,4404.6,3932.5
2377,4447.1,3812.9
2378,4452.5,4088.3
2379,4806.4,4090.1
2380,4707.5,3755.
2381,4629.5,4381.6
2382,4643.1,4388.5
2383,4630.,4400.
2384,4635.7,4371.6
2385,4451.,3805.9
2386,4626.7,3705.1
2387,4609.,3676.7
2388,4642.3,3691.6
2389,4640.4,3689.3
2390,4493.8,3830.9
2391,4702.6,3739.2
2392,4727.6,3744.5
2393,4495.6,4476.8
2394,4506.9,4472.1
2395,4508.1,4470.7
2396,4507.8,4470.9
2397,4493.1,3737.1
2398,4742.8,3985.9
2399,4566.2,3742.1
2400,4549.1,3920.2
2401,4701.8,3737.8
2402,4709.6,3746.2
2403,4709.6,3746.3
2404,4709.4,3746.5
2405,4546.7,3714.4
2406,4671.3,4111.3
2407,4663.6,4111.6
2408,4457.7,3822.1
2409,4850.6,4780.8
2410,4547.7,3923.1
2411,4678.1,4472.1
2412,4678.,4470.6
2413,4722.2,3877.
2414,4854.9,4797.8
2415,4844.4,4792.6
2416,4843.5,4795.3
2417,4860.6,4798.9
2418,4861.5,4779.6
2419,4852.6,4721.6
2420,4851.4,4729.
2421,4844.6,4733.5
2422,4840.6,4738.2
2423,4872.3,4809.3
2424,4873.1,4807.
2425,4882.9,4804.1
2426,4864.9,4793.1
2427,4935.1,4893.5
2428,4931.4,4881.8
2429,4930.6,4865.6
2430,4953.6,4835.2
2431,4918.7,4804.6
2432,4910.3,4811.
2433,4875.8,4788.7
2434,4867.3,4761.2
2435,4712.2,4120.5
2436,4720.9,4124.9
2437,4523.,3611.8
2438,4532.2,3649.7
2439,4618.2,3725.7
2440,4571.7,3723.
2441,4475.7,3690.1
2442,4477.4,3689.4
2443,4479.9,3686.7
2444,4531.1,3624.1
2445,4657.,3695.2
2446,4653.8,3696.1
2447,4792.4,4036.6
2448,4514.,3624.
2449,4539.5,3626.9
2450,4833.9,4563.9
2451,4688.,4467.5
2452,4682.1,4473.3
2453,4849.2,4803.
2454,4487.3,3849.5
2455,4575.2,3820.1
2456,4563.2,3830.5
2457,4508.,3914.4
2458,4511.3,3905.9
2459,4516.2,3910.6
2460,4505.2,3912.1
2461,4784.7,4082.9
2462,4662.5,4074.2
2463,4747.2,4102.1
2464,4504.8,4053.8
2465,4505.,4053.4
2466,4635.,4634.9
2467,4754.7,4707.8
2468,4837.9,3861.
2469,4781.2,4084.2
2470,4738.1,4103.7
2471,4726.5,4102.9
2472,4696.8,4133.5
2473,4750.4,4096.6
2474,4730.9,4112.8
2475,4670.,4119.7
2476,4484.4,3672.5
2477,4510.3,3689.4
2478,4569.5,3825.4
2479,4552.6,4393.7
2480,4687.9,4061.4
2481,4582.,3676.4
2482,4592.3,3665.2
2483,4774.2,4021.2
2484,4475.,3994.8
2485,4603.5,3716.4
2486,4854.1,3847.4
2487,4528.6,3628.9
2488,4723.9,3968.
2489,4586.7,3619.9
2490,4664.1,4912.7
2491,4645.3,4923.4
2492,4686.8,5048.1
2493,4572.9,3824.7
2494,4892.7,4768.8
2495,4757.8,4007.6
2496,4759.8,4040.7
2497,4451.3,3835.7
2498,4497.3,3857.
2499,4627.5,3744.9
2500,4629.9,4100.
2501,4630.4,4104.2
2502,4666.5,4673.4
2503,4568.9,4743.4
2504,4657.1,4113.6
2505,4663.8,4102.4
2506,4679.2,4059.
2507,4568.,3924.2
2508,4784.7,4043.7
2509,4785.6,4044.1
2510,4594.,3923.8
2511,4438.,3903.1
2512,4437.5,3903.9
2513,4436.7,3905.2
2514,4589.6,3623.1
2515,4767.7,4101.8
2516,4769.,4103.6
2517,4631.4,3685.7
2518,4670.8,4097.6
2519,4670.6,4101.4
2520,4514.1,3622.9
2521,4614.8,4029.4
2522,4613.4,4031.9
2523,4766.2,4073.3
2524,4763.2,3992.3
2525,4748.7,4092.6
2526,4673.3,4108.6
2527,4674.8,4106.7
2528,4767.6,4652.5
2529,4542.3,3937.9
2530,4500.4,3853.2
2531,4495.4,3853.3
2532,4535.9,3607.6
2533,4582.,3633.2
2534,4651.7,4005.3
2535,4654.6,4010.6
2536,4669.3,3743.4
2537,4627.4,4038.1
2538,4720.1,3698.9
2539,4517.7,4038.4
2540,4533.,3915.
2541,4760.7,4054.4
2542,4858.2,4780.
2543,4859.6,4793.8
2544,4831.1,4562.1
2545,4547.8,3621.6
2546,4654.,4165.3
2547,4567.3,3856.5
2548,4755.8,3997.6
2549,4570.9,3856.7
2550,4746.4,4103.2
2551,4438.,3842.7
2552,4444.4,3841.3
2553,4522.7,3833.7
2554,4682.7,3750.8
2555,4681.5,3746.7
2556,4612.2,4027.8
2557,4613.7,4029.1
2558,4537.4,3735.5
2559,4495.3,3769.4
2560,4479.2,3753.6
2561,4504.6,3608.9
2562,4436.8,3842.9
2563,4449.7,3847.8
2564,4449.6,3848.6
2565,4545.5,3867.7
2566,4664.4,3913.7
2567,4806.6,4150.7
2568,4555.5,3755.9
2569,4876.2,4774.5
2570,4869.6,4775.5
2571,4723.3,4131.9
2572,4682.2,4061.9
2573,4676.9,4064.3
2574,4638.1,4101.3
2575,4544.,3798.1
2576,4535.8,3804.2
2577,4727.9,4026.7
2578,4449.3,3851.6
2579,4625.8,4032.2
2580,4575.2,4058.5
2581,4741.4,4110.7
2582,4753.9,4142.8
2583,4659.,3906.2
2584,4778.,4065.5
2585,4709.1,3753.7
2586,4521.4,3624.7
2587,4526.1,3623.5
2588,4533.3,3624.9
2589,4526.9,3621.5
2590,4537.4,3591.
2591,4673.2,4068.1