route;x;y
1;5059900;4260500
2;4931600;4142100
3;4935100;4187200
4;5028600;4167900
5;5052300;4171700
6;5077600;4178000
7;5101100;4183900
8;5125900;4190100
9;4876600;4153300
10;4950600;4173000
11;4975900;4176300
12;4998100;4181900
13;5024100;4189400
14;5046400;4196300
15;5070700;4201000
16;5095900;4205000
17;5120000;4212300
18;5141500;4218100
19;5168200;4226300
20;5192400;4232300
21;5177600;4237300
22;4850400;4155000
23;4870100;4160200
24;4873500;4161300
25;4865000;4174200
26;4871200;4177800
27;4943300;4191500
28;4975600;4202200
29;4992100;4207400
30;5014500;4213700
31;5040800;4220400
32;5064800;4224400
33;5090000;4230600
34;5113400;4238500
35;5137500;4244400
36;5161900;4250500
37;5186100;4256600
38;5210400;4262600
39;5233900;4267100
40;5259000;4274600
41;5282800;4278800
42;4937400;4220200
43;4962700;4219400
44;4986000;4232500
45;5010200;4238500
46;5034400;4244600
47;5058900;4249800
48;5082900;4256700
49;5106900;4263700
50;5131200;4268800
51;5156000;4275400
52;5179100;4280700
53;5202500;4284700
54;5228300;4292800
55;5251700;4297900
56;5276700;4304700
57;4955100;4248400
58;4979700;4256600
59;5003900;4262400
60;5028300;4266500
61;5051700;4276800
62;5076300;4281900
63;5101300;4285000
64;5125600;4291000
65;5149300;4299000
66;5175000;4303300
67;5199200;4309300
68;5222000;4317000
69;5246300;4322600
70;5264700;4330700
71;5294600;4335000
72;5318600;4341900
73;4948700;4272500
74;4972900;4278700
75;4997100;4284700
76;5021300;4290800
77;5045300;4297800
78;5070000;4304600
79;5094300;4311000
80;5119300;4315200
81;5142000;4322900
82;5166700;4327300
83;5191000;4333100
84;5213600;4341200
85;5240100;4345200
86;5263800;4350700
87;5288300;4356100
88;5314600;4362500
89;4942300;4296800
90;4965100;4308400
91;4991000;4307900
92;5016400;4317400
93;5038200;4319700
94;5063500;4327100
95;5087900;4336300
96;5112400;4339400
97;5136700;4347200
98;5162000;4352900
99;5185900;4356600
100;5209200;4362200
101;5233000;4369400
102;5255100;4378000
103;5280800;4381300
104;5305800;4387200
105;5330800;4394400
106;4935800;4322000
107;4961000;4327600
108;4986600;4332600
109;5009100;4341300
110;5033700;4346200
111;5057800;4351500
112;5082500;4359300
113;5105300;4364400
114;5129600;4370400
115;5153900;4373600
116;5178000;4382500
117;5201100;4386600
118;5228700;4391900
119;5251500;4397800
120;5275000;4406500
121;5298200;4412200
122;5326200;4417300
123;5348600;4424600
124;4930500;4345300
125;4954500;4352500
126;4978000;4357200
127;5002900;4365900
128;5026400;4369800
129;5047900;4371100
130;5075400;4383700
131;5099100;4387900
132;5125300;4394700
133;5147200;4401600
134;5172700;4406900
135;5196500;4410800
136;5220400;4417600
137;5242700;4423300
138;5270800;4430000
139;5292600;4437600
140;5316800;4443600
141;5344600;4440100
142;5365000;4455400
143;4923700;4371200
144;4947900;4377300
145;4977400;4382800
146;4997000;4387700
147;5019600;4395500
148;5044000;4401100
149;5069000;4407900
150;5093300;4414000
151;5117800;4419200
152;5142600;4426300
153;5165600;4429900
154;5190800;4436200
155;5215000;4442200
156;5237900;4449300
157;5263400;4454400
158;5289800;4456500
159;5310100;4465300
160;5335900;4473000
161;5359900;4479900
162;4916400;4394600
163;4941500;4401500
164;4965600;4407600
165;4989500;4411600
166;5013800;4417700
167;5038400;4426000
168;5062900;4430000
169;5087800;4436300
170;5110900;4445200
171;5134800;4448500
172;5159500;4456000
173;5183600;4462300
174;5208000;4465300
175;5231400;4474100
176;5256200;4478200
177;5278700;4483700
178;5304100;4492000
179;5328600;4496900
180;5353500;4504200
181;5377700;4508000
182;4910900;4419100
183;4935000;4423600
184;4959300;4431800
185;4983800;4437700
186;5007300;4441900
187;5031800;4448000
188;5055600;4454700
189;5080900;4460400
190;5105200;4466400
191;5129000;4474400
192;5154000;4477600
193;5177500;4486500
194;5201300;4490400
195;5222200;4492400
196;5253300;4502200
197;5274700;4509800
198;5298700;4516500
199;5319100;4513600
200;5347300;4528200
201;5371400;4534300
202;5394900;4539000
203;4903900;4441400
204;4928700;4449300
205;4952900;4455800
206;4977200;4461900
207;5001400;4468200
208;5025900;4473200
209;5049600;4481400
210;5074100;4486500
211;5098400;4492600
212;5122100;4496500
213;5147200;4502700
214;5170200;4509300
215;5195600;4515800
216;5213200;4523500
217;5246400;4526200
218;5269000;4532800
219;5291200;4540400
220;5309900;4546900
221;5340800;4550500
222;5365000;4558500
223;5392400;4568300
224;4897200;4464400
225;4922200;4473900
226;4946400;4479900
227;4969900;4485200
228;4994900;4492300
229;5019700;4496500
230;5043600;4504000
231;5067700;4510600
232;5091300;4515100
233;5116200;4522800
234;5140500;4528700
235;5162600;4527300
236;5188900;4538800
237;5213100;4546900
238;5239500;4551400
239;5261900;4557900
240;5285700;4561900
241;5310400;4570200
242;5333400;4576600
243;5354100;4576500
244;5382800;4588400
245;4915700;4498000
246;4940300;4503000
247;4964700;4508500
248;4988500;4516400
249;5013800;4522000
250;5037000;4528700
251;5061200;4534800
252;5085500;4540800
253;5110300;4545000
254;5134000;4553000
255;5157500;4557800
256;5184000;4563400
257;5206800;4571100
258;5231200;4574700
259;5255200;4583100
260;5305400;4584100
261;5327400;4598800
262;5352700;4605100
263;5375500;4612600
264;4887100;4516400
265;4957800;4534400
266;4982000;4540500
267;5005700;4545100
268;5030500;4552800
269;5054800;4558900
270;5078900;4562900
271;5103600;4570100
272;5128300;4574300
273;5152200;4581800
274;5175300;4588300
275;5200100;4595200
276;5224600;4601300
277;5248800;4607200
278;5264000;4610300
279;5297300;4619200
280;5321400;4624800
281;5343700;4627500
282;4951100;4559400
283;4974600;4564400
284;5000000;4570000
285;5023100;4576700
286;5047700;4581600
287;5072600;4589100
288;5096800;4595200
289;5120500;4599600
290;5144900;4605200
291;5169200;4611200
292;5193900;4619400
293;5217400;4624300
294;5242400;4631400
295;5266700;4637400
296;5290500;4641200
297;4945400;4580000
298;4968800;4586100
299;4993300;4594900
300;5017600;4601000
301;5041900;4607200
302;5066100;4613200
303;5089500;4618700
304;5114800;4624000
305;5138900;4631500
306;5163200;4637600
307;5186700;4642400
308;5210800;4648900
309;5236000;4655600
310;5260200;4661600
311;5283900;4665700
312;4986800;4619000
313;5011500;4623500
314;5035400;4631300
315;5059800;4635400
316;5084000;4641100
317;5108300;4649100
318;5132600;4655200
319;5155700;4661300
320;5181200;4666800
321;5205200;4673800
322;5229200;4680700
323;5253800;4685800
324;5278500;4690800
325;5302300;4697700
326;5004600;4649200
327;5028100;4656200
328;5052900;4659400
329;5076300;4666100
330;5100700;4673500
331;5126200;4679000
332;5147200;4693300
333;5174400;4688300
334;5197800;4697700
335;5223000;4703900
336;5247500;4708800
337;5270100;4713500
338;5295400;4719500
339;5022300;4679500
340;5046600;4685600
341;5070800;4691700
342;5095400;4697000
343;5119400;4703900
344;5143500;4710900
345;5168000;4716000
346;5192000;4723000
347;5216500;4728100
348;5240200;4733900
349;5265500;4738100
350;5015800;4703400
351;5040100;4709700
352;5063600;4714400
353;5088700;4721900
354;5112400;4726100
355;5138200;4734300
356;5161700;4739200
357;5184000;4745200
358;5209600;4750000
359;5235200;4757900
360;5256300;4761100
361;5008300;4727400
362;5048100;4735600
363;5058800;4740100
364;5082100;4746000
365;5106400;4752100
366;5130400;4759200
367;5154500;4762100
368;5179300;4770300
369;5205000;4774900
370;5226800;4782100
371;5051300;4764000
372;5075600;4770000
373;5099900;4776200
374;5124800;4779800
375;5149900;4786700
376;5172700;4794400
377;5197000;4800500
378;5221300;4804400
379;5045300;4786100
380;5069000;4794200
381;5092900;4798200
382;5117600;4806400
383;5141900;4812500
384;5166200;4818500
385;5190500;4824600
386;5214400;4828200
387;5014900;4806200
388;5038500;4811200
389;5062500;4818300
390;5086100;4823200
391;5111600;4828600
392;5135400;4836600
393;5159700;4842600
394;5183500;4848500
395;5208200;4854700
396;4983000;4823900
397;5006900;4827900
398;5031600;4836200
399;5056400;4840500
400;5080500;4847500
401;5104100;4852400
402;5128000;4859900
403;5153500;4864800
404;5176900;4871100
405;5204200;4877200
406;5224900;4883200
407;4953100;4842000
408;4975000;4845500
409;5000300;4851900
410;5025500;4858300
411;5049800;4864500
412;5073900;4871600
413;5097400;4877500
414;5122200;4884700
415;5145800;4889600
416;5169600;4894500
417;5194800;4902800
418;4945100;4863600
419;4968800;4871700
420;4993300;4877300
421;5018400;4884300
422;5040800;4890000
423;5067000;4896600
424;5091300;4902700
425;5116000;4906500
426;5140000;4914900
427;5164800;4919000
428;5188300;4927900
429;4938400;4887600
430;4963200;4895900
431;4987500;4902200
432;5011800;4908300
433;5036100;4914500
434;5060400;4920500
435;5110000;4933100
436;5132600;4937700
437;5158200;4943100
438;4934000;4911100
439;4957000;4918000
440;4979900;4925900
441;5005200;4932400
442;5029500;4938500
443;5054500;4945900
444;5078100;4950800
445;5102400;4956900
446;5126800;4963000
447;5151100;4969000
448;4925600;4937800
449;4949900;4944000
450;4974200;4950200
451;4998500;4956400
452;5022900;4962500
453;5047200;4968700
454;5071600;4974600
455;5094400;4978500
456;5120100;4987000
457;5144900;4991100
458;4919300;4959800
459;4943200;4968000
460;4966600;4973800
461;4990200;4978900
462;5016200;4986500
463;5040500;4992700
464;5089200;5005000
465;5113500;5011100
466;5137800;5017100
467;4912300;4985700
468;4936600;4992000
469;4960900;4998200
470;4986200;5004600
471;5010500;5010800
472;5033600;5017700
473;5058200;5022900
474;5082500;5029000
475;5107900;5035300
476;5131300;5040700
477;5155500;5047200
478;4905600;5009700
479;4929900;5015900
480;4955200;5022400
481;4978600;5028300
482;5002900;5034500
483;5027200;5040700
484;5052000;5044900
485;5075900;5053000
486;5100200;5059100
487;5124600;5065200
488;5148900;5071300
489;4898900;5033600
490;4924700;5038200
491;4947600;5046000
492;4971900;5052300
493;4996200;5058500
494;5020800;5063700
495;5044900;5070800
496;5069200;5077000
497;5093600;5083100
498;5117900;5089200
499;4891500;5057400
500;4915600;5060500
501;4940800;5070100
502;4965200;5076300
503;4989700;5082000
504;5013800;5088700
505;5038600;5093500
506;5062600;5101000
507;5086900;5107100
508;4861100;5075200
509;4885400;5081500
510;4908800;5087500
511;4935000;5094200
512;4958400;5100300
513;4982800;5106500
514;5007200;5112700
515;5032500;5119100
516;5055300;5123100
517;4829000;5092600
518;4854300;5099000
519;4878500;5106300
520;4902100;5111500
521;4926700;5116700
522;4951700;5124200
523;4976100;5130400
524;5000400;5136600
525;5024700;5142500
526;5048300;5148700
527;4798500;5108200
528;4822300;5116400
529;4946000;5148400
530;4969000;5152200
531;4993700;5160600
532;5016400;5165500
533;5042400;5172900
534;5066800;5179000
535;4767900;5127700
536;4792200;5134300
537;4962600;5178300
538;4986900;5184300
539;5011200;5190700
540;5044300;5196200
541;5059200;5202800
542;4762900;5152300
543;4785500;5157800
544;4955900;5202200
545;4980800;5206600
546;5004500;5212600
547;5028000;5220600
548;5053900;5225100
549;4949100;5226100
550;4973500;5232400
551;4998800;5238800
552;5018900;5241800
553;5046200;5248700
554;5070000;5256800
555;4942600;5249100
556;4966700;5256300
557;4990300;5261500
558;5014700;5267600
559;5040100;5273900
560;4959900;5280200
561;4984100;5286000
562;5008700;5292500
563;4523492;3608654
564;4521166;3636537
565;4547412;3610616
566;4575321;3612900
567;4545088;3638503
568;4572998;3640790
569;4495246;3658462
570;4519167;3660435
571;4493241;3682354
572;4517163;3684331
573;4543090;3662404
574;4571002;3664695
575;4541088;3686303
576;4569002;3688597
577;4594928;3666653
578;4618855;3668607
579;4592929;3690558
580;4616857;3692514
581;4640785;3694465
582;4668701;3696734
583;4692628;3698673
584;4716553;3700608
585;4491231;3706244
586;4515155;3708225
587;4488880;3734114
588;4512806;3736098
589;4539081;3710200
590;4566997;3712497
591;4536734;3738077
592;4564652;3740378
593;4590926;3714461
594;4614855;3716419
595;4588583;3742345
596;4612514;3744306
597;4638785;3718372
598;4666702;3720643
599;4636446;3746261
600;4664366;3748535
601;4690631;3722584
602;4714558;3724520
603;4688296;3750478
604;4460908;3779885
605;4486860;3757999
606;4510788;3759987
607;4484835;3781882
608;4508765;3783873
609;4534718;3761969
610;4562637;3764274
611;4532696;3785859
612;4560618;3788167
613;4586570;3766243
614;4610503;3768206
615;4584552;3790139
616;4608487;3792104
617;4634436;3770164
618;4662358;3772440
619;4632423;3794064
620;4660347;3796342
621;4686291;3774384
622;4710222;3776323
623;4684281;3798288
624;4708214;3800228
625;4734151;3778255
626;4831835;3810148
627;4458877;3803762
628;4456501;3831615
629;4482806;3805763
630;4506737;3807758
631;4480432;3833620
632;4504366;3835619
633;4530670;3809746
634;4558595;3812058
635;4528301;3837611
636;4556228;3839927
637;4582531;3814032
638;4606468;3816000
639;4580167;3841904
640;4604106;3843875
641;4630405;3817962
642;4658331;3820242
643;4628045;3845839
644;4655974;3848122
645;4682267;3822190
646;4706203;3824131
647;4679913;3850072
648;4703851;3852014
649;4829834;3834053
650;4827495;3861940
651;4426541;3853134
652;4454459;3855486
653;4424492;3876998
654;4452413;3879355
655;4478392;3857495
656;4502328;3859497
657;4476348;3881368
658;4500286;3883373
659;4526266;3861493
660;4554195;3863812
661;4524225;3885372
662;4552157;3887694
663;4578135;3865792
664;4602077;3867765
665;4576100;3889677
666;4600043;3891653
667;4626018;3869732
668;4653950;3872017
669;4623987;3893621
670;4651921;3895909
671;4677891;3873968
672;4701831;3875912
673;4675865;3897861
674;4699807;3899806
675;4825487;3885841
676;4853398;3888056
677;4398507;3898822
678;4396104;3926656
679;4422439;3900859
680;4450362;3903221
681;4420036;3928693
682;4447962;3931060
683;4474299;3905237
684;4498239;3907246
685;4471902;3933081
686;4495845;3935094
687;4522181;3909248
688;4550115;3911574
689;4519789;3937100
690;4547727;3939429
691;4598006;3915537
692;4571675;3941418
693;4621952;3917508
694;4649889;3919798
695;4619572;3945372
696;4647512;3947664
697;4673834;3921752
698;4697779;3923698
699;4671461;3949621
700;4695408;3951569
701;4721722;3925637
702;4719354;3953509
703;4394037;3950506
704;4391965;3974354
705;4417972;3952548
706;4445901;3954920
707;4415903;3976399
708;4443834;3978776
709;4467779;3980804
710;4545675;3963303
711;4569625;3965294
712;4593576;3967278
713;4591525;3991153
714;4617528;3969253
715;4645471;3971547
716;4615479;3993130
717;4643425;3995427
718;4669422;3973505
719;4693372;3975455
720;4667379;3997386
721;4691331;3999337
722;4717320;3977396
723;4745258;3979650
724;4715282;4001280
725;4743223;4003535
726;4767170;4005459
727;4791114;4007375
728;4441763;4002629
729;4439341;4030453
730;4465710;4004661
731;4489660;4006684
732;4463291;4032489
733;4487244;4034517
734;4511199;4036536
735;4539149;4038881
736;4565514;4013037
737;4589470;4015025
738;4563107;4040881
739;4587067;4042872
740;4613426;4017005
741;4641376;4019303
742;4611026;4044854
743;4638979;4047155
744;4665332;4021265
745;4689287;4023217
746;4662939;4049118
747;4686897;4051072
748;4713241;4025161
749;4741185;4027417
750;4710855;4053017
751;4738802;4055275
752;4765135;4029342
753;4789081;4031258
754;4762755;4057200
755;4786706;4059117
756;4813025;4033165
757;4810653;4061024
758;4437259;4054299
759;4435173;4078141
760;4461212;4056339
761;4485168;4058370
762;4459129;4080185
763;4483087;4082220
764;4509126;4060392
765;4537079;4062740
766;4507048;4084245
767;4535004;4086597
768;4561040;4064743
769;4585002;4066737
770;4558968;4088602
771;4582933;4090598
772;4608965;4068721
773;4636921;4071025
774;4606899;4092585
775;4634859;4094891
776;4660883;4072990
777;4684845;4074945
778;4658824;4096857
779;4682788;4098814
780;4708805;4076891
781;4736756;4079150
782;4706751;4100762
783;4734706;4103021
784;4760712;4081076
785;4784665;4082992
786;4758665;4104948
787;4782622;4106865
788;4808616;4084900
789;4806575;4108772
790;4834516;4110985
791;4457041;4104028
792;4481002;4106066
793;4478563;4133882
794;4504965;4108095
795;4532925;4110450
796;4502530;4135915
797;4530494;4138274
798;4556892;4112458
799;4580860;4114457
800;4554465;4140285
801;4578437;4142287
802;4604829;4116445
803;4632792;4118754
804;4602409;4144278
805;4630376;4146589
806;4656761;4120722
807;4680728;4122680
808;4654348;4148559
809;4678320;4150519
810;4704694;4124628
811;4732653;4126889
812;4702289;4152469
813;4730252;4154731
814;4756615;4128816
815;4780574;4130734
816;4754218;4156659
817;4778182;4158576
818;4804531;4132641
819;4476468;4157720
820;4474369;4181555
821;4500438;4159756
822;4528406;4162119
823;4498342;4183594
824;4526313;4185960
825;4552380;4164133
826;4576355;4166137
827;4550290;4187977
828;4574268;4189983
829;4600330;4168131
830;4628301;4170444
831;4598247;4191979
832;4626222;4194295
833;4652276;4172416
834;4676251;4174377
835;4650201;4196268
836;4674178;4198231
837;4700224;4176328
838;4728191;4178591
839;4698155;4200183
840;4752160;4180520
841;4448290;4203332
842;4472265;4205385
843;4469804;4233182
844;4496241;4207428
845;4524216;4209797
846;4493784;4235229
847;4521764;4237603
848;4548196;4211817
849;4572178;4213826
850;4545748;4239626
851;4569734;4241638
852;4596160;4215824
853;4624139;4218142
854;4593720;4243639
855;4621704;4245959
856;4648121;4220117
857;4672102;4222082
858;4645690;4247936
859;4669675;4249902
860;4696082;4224035
861;4693659;4251857
862;4465571;4280822
863;4491674;4259054
864;4519658;4261432
865;4489559;4282875
866;4517547;4285256
867;4543645;4263457
868;4567634;4265472
869;4541538;4287285
870;4565531;4289302
871;4591624;4267475
872;4619612;4269798
873;4589524;4291307
874;4617516;4293632
875;4643601;4271777
876;4667590;4273744
877;4641509;4295613
878;4665502;4297582
879;4691578;4275700
880;4689493;4299539
881;4717482;4301808
882;4439460;4302567
883;4463448;4304636
884;4460966;4332413
885;4487439;4306692
886;4515432;4309077
887;4484961;4334473
888;4512958;4336862
889;4539427;4311108
890;4563423;4313127
891;4536958;4338896
892;4560958;4340919
893;4587420;4315135
894;4615416;4317463
895;4584960;4342929
896;4612962;4345260
897;4639413;4319445
898;4663410;4321416
899;4636963;4347244
900;4660964;4349216
901;4687405;4323374
902;4684964;4351176
903;4712962;4353447
904;4458833;4356217
905;4432695;4377937
906;4456696;4380016
907;4482832;4358280
908;4510834;4360673
909;4480699;4382083
910;4508705;4384479
911;4534837;4362710
912;4558841;4364735
913;4532712;4386519
914;4556720;4388547
915;4582847;4366748
916;4610853;4369081
917;4580730;4390562
918;4608741;4392897
919;4634859;4371067
920;4658864;4373041
921;4632750;4394885
922;4656759;4396861
923;4682867;4375002
924;4710870;4377274
925;4680767;4398823
926;4708775;4401097
927;4430549;4401728
928;4454554;4403811
929;4452049;4431566
930;4478561;4405882
931;4506572;4408281
932;4504078;4436044
933;4530583;4410324
934;4554595;4412355
935;4528094;4438091
936;4552111;4440124
937;4578609;4414372
938;4606625;4416710
939;4576129;4442144
940;4604151;4444485
941;4630638;4418699
942;4654651;4420676
943;4628169;4446476
944;4652187;4448455
945;4678663;4422640
946;4706676;4424914
947;4676204;4450420
948;4704223;4452696
949;4730685;4426850
950;4728236;4454633
951;4752248;4456556
952;4425885;4453260
953;4449898;4455351
954;4447742;4479131
955;4473914;4457429
956;4501935;4459836
957;4471762;4481212
958;4499788;4483623
959;4525955;4461885
960;4549977;4463921
961;4523813;4485675
962;4547839;4487714
963;4573999;4465944
964;4602026;4468287
965;4571865;4489739
966;4599897;4492084
967;4626049;4470280
968;4650071;4472260
969;4623924;4494079
970;4647951;4496061
971;4674093;4474227
972;4702116;4476504
973;4671977;4498029
974;4700006;4500307
975;4726134;4478441
976;4750150;4480365
977;4724028;4502245
978;4748049;4504169
979;4774163;4482275
980;4772066;4506079
981;4445581;4502906
982;4497637;4507405
983;4495122;4535145
984;4521666;4509460
985;4545696;4511501
986;4519156;4537203
987;4543192;4539247
988;4569727;4513529
989;4597764;4515876
990;4567228;4541277
991;4595271;4543628
992;4621796;4517873
993;4645827;4519857
994;4619308;4545627
995;4643345;4547612
996;4669858;4521826
997;4697892;4524105
998;4667381;4549583
999;4695421;4551864
1000;4721919;4526044
1001;4745944;4527969
1002;4719454;4553803
1003;4743484;4555728
1004;4769966;4529879
1005;4797989;4532090
1006;4767512;4557639
1007;4795541;4559850
1008;4819562;4561729
1009;4843578;4563594
1010;4541040;4563024
1011;4538885;4586795
1012;4565082;4565056
1013;4593130;4567409
1014;4562931;4588830
1015;4590985;4591186
1016;4617172;4569410
1017;4641213;4571397
1018;4615031;4593188
1019;4639078;4595177
1020;4665254;4573369
1021;4693300;4575651
1022;4663123;4597150
1023;4691174;4599433
1024;4717337;4577591
1025;4741372;4579517
1026;4715217;4601375
1027;4739257;4603301
1028;4765405;4581428
1029;4793439;4583639
1030;4763294;4605212
1031;4791334;4607423
1032;4817465;4585518
1033;4841487;4587382
1034;4815365;4609302
1035;4839392;4611165
1036;4512676;4608509
1037;4536726;4610562
1038;4510146;4636227
1039;4534201;4638282
1040;4560776;4612599
1041;4588836;4614957
1042;4558258;4640322
1043;4586324;4642683
1044;4612887;4616961
1045;4636938;4618951
1046;4610381;4644690
1047;4634438;4646681
1048;4660989;4620926
1049;4689046;4623211
1050;4658494;4648658
1051;4686558;4650944
1052;4713093;4625152
1053;4737138;4627079
1054;4710611;4652887
1055;4734662;4654814
1056;4761181;4628991
1057;4789226;4631202
1058;4758710;4656726
1059;4786763;4658937
1060;4813262;4633080
1061;4837294;4634943
1062;4810805;4660815
1063;4834843;4662678
1064;4861321;4636791
1065;4858876;4664524
1066;4532033;4662037
1067;4529861;4685786
1068;4556094;4664079
1069;4584167;4666442
1070;4553927;4687831
1071;4582005;4690196
1072;4608229;4668451
1073;4632290;4670444
1074;4606072;4692207
1075;4630139;4694202
1076;4656352;4672422
1077;4684421;4674709
1078;4654206;4696181
1079;4682282;4698470
1080;4708480;4676653
1081;4732536;4678581
1082;4706345;4700414
1083;4730406;4702343
1084;4756589;4680493
1085;4784648;4682704
1086;4754465;4704255
1087;4782530;4706466
1088;4808695;4684582
1089;4832738;4686444
1090;4806583;4708344
1091;4830631;4710205
1092;4854675;4712051
1093;4551756;4711576
1094;4579840;4713945
1095;4549218;4739273
1096;4577309;4741644
1097;4603912;4715957
1098;4627985;4717954
1099;4601388;4743659
1100;4625466;4745657
1101;4652056;4719934
1102;4680138;4722224
1103;4649544;4747639
1104;4677633;4749931
1105;4704207;4724169
1106;4728274;4726099
1107;4701708;4751877
1108;4725781;4753807
1109;4752338;4728011
1110;4780409;4730222
1111;4749852;4755720
1112;4777931;4757931
1113;4804467;4732100
1114;4828521;4733961
1115;4801995;4759808
1116;4826055;4761669
1117;4852570;4735805
1118;4850111;4763512
1119;4878171;4765642
1120;4902216;4767450
1121;4547038;4763006
1122;4575135;4765380
1123;4544854;4786734
1124;4572958;4789110
1125;4599219;4767397
1126;4623303;4769397
1127;4597047;4791129
1128;4621137;4793131
1129;4647386;4771380
1130;4675482;4773673
1131;4645226;4795115
1132;4673328;4797409
1133;4699563;4775620
1134;4723641;4777550
1135;4697414;4799357
1136;4721498;4801288
1137;4747717;4779464
1138;4775803;4781675
1139;4745580;4803202
1140;4773672;4805413
1141;4799872;4783552
1142;4823938;4785412
1143;4797747;4807290
1144;4821818;4809150
1145;4848000;4787255
1146;4876066;4789384
1147;4845886;4810992
1148;4873959;4813119
1149;4924163;4792979
1150;4898016;4814924
1151;4922067;4816712
1152;4948203;4794751
1153;4946113;4818482
1154;4570777;4812835
1155;4594872;4814855
1156;4618967;4816858
1157;4592329;4842528
1158;4616430;4844533
1159;4643061;4818845
1160;4671170;4821140
1161;4640531;4846521
1162;4668648;4848818
1163;4695262;4823089
1164;4692746;4850768
1165;4716843;4852700
1166;4743439;4826934
1167;4771537;4829146
1168;4740937;4854615
1169;4769044;4856826
1170;4795618;4831022
1171;4819696;4832881
1172;4793131;4858702
1173;4817216;4860561
1174;4843769;4834723
1175;4871849;4836849
1176;4841296;4862402
1177;4869384;4864527
1178;4895912;4838653
1179;4919969;4840439
1180;4893453;4866329
1181;4917518;4868113
1182;4944020;4842208
1183;4590145;4866241
1184;4614252;4868248
1185;4612070;4891957
1186;4638359;4870237
1187;4666482;4872536
1188;4636183;4893947
1189;4664313;4896247
1190;4690587;4874486
1191;4714689;4876419
1192;4688424;4898199
1193;4712532;4900132
1194;4738789;4878334
1195;4766903;4880546
1196;4736638;4902047
1197;4764759;4904259
1198;4790996;4882422
1199;4815087;4884280
1200;4788858;4906135
1201;4812955;4907992
1202;4839173;4886120
1203;4867268;4888244
1204;4837047;4909832
1205;4865149;4911955
1206;4891343;4890045
1207;4915414;4891828
1208;4889231;4913754
1209;4913307;4915536
1210;4609885;4915659
1211;4607331;4943303
1212;4634004;4917651
1213;4631456;4945297
1214;4659602;4947600
1215;4686257;4921904
1216;4710372;4923839
1217;4683725;4949553
1218;4707847;4951488
1219;4734484;4925754
1220;4762611;4927966
1221;4731967;4953405
1222;4760103;4955616
1223;4786717;4929842
1224;4810820;4931699
1225;4784216;4957492
1226;4808325;4959349
1227;4834918;4933538
1228;4863027;4935659
1229;4832431;4961187
1230;4860549;4963307
1231;4887116;4937458
1232;4911198;4939238
1233;4884644;4965104
1234;4908735;4966882
1235;4605137;4966992
1236;4629269;4968987
1237;4627078;4992671
1238;4655239;4994976
1239;4705680;4975181
1240;4703509;4998868
1241;4729805;4977098
1242;4757949;4979310
1243;4727641;5000784
1244;4755792;5002997
1245;4782068;4981185
1246;4806184;4983042
1247;4779918;5004872
1248;4804040;5006728
1249;4830296;4984879
1250;4858421;4986998
1251;4828159;5008564
1252;4856291;5010683
1253;4882523;4988794
1254;4880400;5012477
1255;4677194;5020610
1256;4701335;5022547
1257;4674646;5048228
1258;4698794;5050165
1259;4725473;5024465
1260;4753632;5026677
1261;4722941;5052083
1262;4751108;5054296
1263;4777764;5028552
1264;4801893;5030408
1265;4775248;5056171
1266;4799385;5058026
1267;4826018;5032244
1268;4854159;5034361
1269;4823518;5059861
1270;4851667;5061977
1271;4878274;5036154
1272;4748941;5077962
1273;4746772;5101621
1274;4773088;5079836
1275;4797231;5081691
1276;4770925;5103495
1277;4821371;5083526
1278;4744599;5125273
1279;4413700;3979500
1280;4376700;4012700
1281;4394700;4014100
1282;4411300;4033300
1283;4410000;4051200
1284;4388900;4066200
1285;4426600;4070400
1286;4408600;4069100
1287;4389300;4085800
1288;4368600;4120200
1289;4385200;4139400
1290;4383800;4157300
1291;4371300;4084400
1292;4441900;4107600
1293;4422600;4124200
1294;4403200;4140700
1295;4457200;4144700
1296;4401800;4158600
1297;4437800;4161300
1298;4418500;4177900
1299;4363100;4191700
1300;4381200;4193100
1301;4399100;4194400
1302;4435100;4197100
1303;4361700;4209500
1304;4397700;4212300
1305;4415800;4213600
1306;4433800;4215000
1307;4396400;4230200
1308;4414400;4231500
1309;4432400;4232900
1310;4450400;4234200
1311;4468400;4235500
1312;4377000;4246700
1313;4431000;4250800
1314;4375600;4264600
1315;4393600;4266000
1316;4411600;4267300
1317;4429700;4268600
1318;4374200;4282500
1319;4410300;4285200
1320;4336800;4297600
1321;4408900;4303100
1322;4389500;4319600
1323;4407500;4321000
1324;4316000;4332000
1325;4352100;4334700
1326;4370100;4336200
1327;4406200;4338800
1328;4424200;4340200
1329;4314700;4349900
1330;4368700;4354000
1331;4404700;4356700
1332;4331300;4369100
1333;4367300;4371900
1334;4329900;4387000
1335;4347900;4388400
1336;4365900;4389700
1337;4367200;4138000
1338;4365800;4155900
1339;4310500;4169800
1340;4291100;4186300
1341;4326900;4188900
1342;4325700;4206900
1343;4252300;4219200
1344;4270400;4220600
1345;4288400;4222000
1346;4324400;4224800
1347;4287000;4239900
1348;4305000;4241300
1349;4323000;4242600
1350;4341000;4244000
1351;4359000;4245400
1352;4285600;4257800
1353;4321600;4260500
1354;4357600;4263300
1355;4249900;4274000
1356;4284300;4275500
1357;4264800;4292100
1358;4282800;4293500
1359;4300800;4294900
1360;4318800;4296300
1361;4191400;4304300
1362;4209400;4305700
1363;4263400;4309900
1364;4281400;4311400
1365;4208000;4323500
1366;4244000;4326400
1367;4262100;4327900
1368;4242600;4344200
1369;4260500;4345600
1370;4296600;4348500
1371;4241200;4362100
1372;4302100;4043200
1373;4300700;4061100
1374;4299300;4079000
1375;4317300;4080300
1376;4335300;4081700
1377;4280000;4095500
1378;4332200;4098300
1379;4332600;4117500
1380;4259300;4129900
1381;4295400;4132600
1382;4313200;4134000
1383;4204100;4143700
1384;4220600;4162800
1385;4238600;4164200
1386;4185300;4178200
1387;4237200;4182100
1388;4218300;4200300
1389;4339400;4028000
1390;4336700;4044300
1391;4288000;3970100
1392;4270200;3986800
1393;4288100;3988200
1394;4213500;3998900
1395;4232900;4001900
1396;4286900;4006200
1397;4195600;4017100
1398;4213600;4018500
1399;4285400;4023900
1400;4248400;4037400
1401;4266100;4040500
1402;4192900;4052900
1403;4228800;4055600
1404;4246800;4057000
1405;4264800;4058300
1406;4282700;4059700
1407;4191600;4069200
1408;4209500;4072100
1409;4281400;4077600
1410;4172200;4087200
1411;4190200;4088600
1412;4244100;4092700
1413;4260600;4092500
1414;4202300;3927500
1415;4220600;3929200
1416;4238400;3930500
1417;4201100;3945500
1418;4254900;3949600
1419;4199900;3961800
1420;4235600;3966200
1421;4271900;3967100
1422;4198300;3981300
1423;4252200;3985400
1424;4161100;3996400
1425;4197100;3997700
1426;4162500;4014300
1427;4177800;4015600
1428;4176300;4033600
1429;4151400;3886100
1430;4169200;3889200
1431;4187200;3890800
1432;4149900;3905700
1433;4167900;3907000
1434;4148800;3923500
1435;4145900;3959300
1436;4143100;3995000
1437;4112700;3920800
1438;4093400;3937300
1439;4111400;3938700
1440;4074100;3953700
1441;4090700;3973000
1442;4108600;3974400
1443;4070100;4005800
1444;4050700;4023700
1445;4085100;4025000
1446;4104500;4027700
1447;4103200;4045500
1448;4083900;4062200
1449;4142500;4070100
1450;4066000;4060800
1451;4116700;4082600
1452;4154200;4085800
1453;4063100;4096500
1454;4134900;4102200
1455;4079800;4114300
1456;4097600;4117300
1457;4116200;4119000
1458;4096500;4135000
1459;4114200;4136600
1460;4150100;4139400
1461;4186000;4142200
1462;4058900;4150100
1463;4185700;4161600
1464;4057500;4167900
1465;4075500;4169400
1466;4111400;4172200
1467;4129400;4173700
1468;4167100;4175900
1469;4091900;4188400
1470;4110100;4190000
1471;4089200;4204900
1472;4108200;4206900
1473;4143100;4209100
1474;4199400;4215400
1475;4216400;4216400
1476;4053400;4221300
1477;4088900;4223700
1478;4069900;4240700
1479;4087900;4242100
1480;4106300;4243300
1481;4159600;4247800
1482;4213600;4252200
1483;4104400;4261400
1484;4067100;4276100
1485;4103000;4279300
1486;4189100;4285900
1487;4065600;4294200
1488;4100400;4295800
1489;4137500;4300000
1490;4062600;4312000
1491;4100000;4314800
1492;4118100;4316400
1493;4136100;4317800
1494;4062800;4329700
1495;4116700;4334100
1496;4151100;4336900
1497;4187100;4339900
1498;4206700;4358600
1499;4223200;4360700
1500;4113800;4369900
1501;4221700;4378400
1502;4239800;4379900
1503;4130400;4389200
1504;4166400;4392100
1505;4183000;4391500
1506;4258100;4398400
1507;4183000;4411400
1508;4201000;4412800
1509;4218900;4414200
1510;4291200;4419900
1511;4271600;4436400
1512;4289600;4437700
1513;4288200;4455600
1514;4250700;4470500
1515;4313300;4367700
1516;4403400;4374600
1517;4311900;4385600
1518;4383900;4391100
1519;4420000;4393800
1520;4292400;4402100
1521;4346500;4406200
1522;4382600;4409000
1523;4309000;4421300
1524;4327100;4422700
1525;4345100;4424100
1526;4363100;4425400
1527;4417200;4429500
1528;4306200;4437500
1529;4362000;4443600
1530;4379800;4444700
1531;4415800;4447400
1532;4324100;4458400
1533;4342200;4459800
1534;4396400;4463900
1535;4268800;4472000
1536;4286900;4472000
1537;4304800;4474800
1538;4340900;4477600
1539;4358900;4479100
1540;4267400;4489900
1541;4285500;4489800
1542;4321400;4494100
1543;4302100;4509000
1544;4318600;4529600
1545;4317300;4546200
1546;4414400;4465300
1547;4377000;4480400
1548;4395000;4481800
1549;4413000;4483100
1550;4411600;4501000
1551;4410200;4518800
1552;4354900;4532800
1553;4390800;4535300
1554;4408800;4536700
1555;4426900;4538000
1556;4371400;4551900
1557;4389400;4553200
1558;4425400;4555700
1559;4461700;4558600
1560;4497700;4561200
1561;4369900;4569600
1562;4406000;4572400
1563;4460200;4576400
1564;4478100;4577800
1565;4514400;4580400
1566;4386800;4585900
1567;4404800;4590100
1568;4440700;4592900
1569;4494900;4596900
1570;4513000;4598300
1571;4403300;4608100
1572;4421300;4609400
1573;4439300;4610800
1574;4493500;4614800
1575;4401700;4625900
1576;4419700;4627400
1577;4436400;4628500
1578;4492000;4631000
1579;4418400;4645100
1580;4417100;4662800
1581;4471200;4667000
1582;4415600;4680700
1583;4432200;4682000
1584;4506000;4687500
1585;4488600;4705900
1586;4504600;4705300
1587;4522600;4706600
1588;4485100;4721800
1589;4503200;4723100
1590;4521200;4724500
1591;4465600;4738300
1592;4445900;4754900
1593;4482300;4757500
1594;4500400;4758800
1595;4461900;4774500
1596;4461300;4791800
1597;4479400;4793100
1598;4515600;4795900
1599;4532200;4815000
1600;4546200;4869600
1601;4526600;4886100
1602;4544700;4887400
1603;4562100;4887200
1604;4581000;4890000
1605;4526800;4904500
1606;4543300;4905200
1607;4560000;4924300
1608;4575400;4959700
1609;4537700;4976300
1610;4480200;5007900
1611;4571100;5014500
1612;4588800;5011100
1613;4625900;5020100
1614;4605900;5034900
1615;4568100;5050000
1616;4640800;5055200
1617;4527900;5101000
1618;4561000;5121000
1619;4585100;5067500
1620;4639400;5072900
1621;4620000;5088000
1622;4656400;5091300
1623;4580700;5103100
1624;4671200;5113600
1625;4600000;5119800
1626;4635100;5126300
1627;4653300;5127500
1628;4671400;5128700
1629;4615500;5143400
1630;4633700;5144000
1631;4670000;5146500
1632;4742500;5153800
1633;4650400;5163000
1634;4777600;5171400
1635;4813900;5173700
1636;4721700;5185600
1637;4758000;5187900
1638;4684000;5200900
1639;4664400;5217500
1640;4715300;5221000
1641;4755600;5224400
1642;4771800;5224100
1643;4792200;5225400
1644;4872500;5123600
1645;4834700;5139300
1646;4852900;5140400
1647;4850400;5175700
1648;4868300;5176900
1649;4849000;5194000
1650;4903200;5196900
1651;4939600;5197500
1652;4901800;5214600
1653;4920000;5215600
1654;4809800;5226800
1655;4827700;5228100
1656;4882400;5231200
1657;4900500;5232400
1658;4917000;5231700
1659;4936700;5234500
1660;5081700;5242400
1661;4808300;5244600
1662;4826500;5245700
1663;4862800;5247900
1664;5082700;5259400
1665;4843300;5264600
1666;4950900;5269300
1667;4841900;5282300
1668;4860100;5283400
1669;4969000;5289700
1670;5059600;5294700
1671;5114100;5297400
1672;4876800;5302200
1673;4913200;5304300
1674;4931300;5305400
1675;4950700;5308100
1676;4985800;5308400
1677;5022000;5310400
1678;5058300;5312300
1679;4839100;5317700
1680;4857300;5318800
1681;4930000;5323100
1682;4966300;5325100
1683;4984400;5326200
1684;5020700;5328100
1685;5057000;5330000
1686;5075100;5330900
1687;4874200;5337400
1688;4983100;5343800
1689;5019400;5345800
1690;5090500;5348000
1691;4872700;5355300
1692;4963600;5360500
1693;5036200;5364400
1694;4835000;5369400
1695;5051200;5382000
1696;5015400;5398800
1697;4500900;4668100
1698;4500700;4668900
1699;4502300;4667900
1700;4502900;4667500
1701;4505800;4664800
1702;4504600;4664200
1703;4508200;4663100
1704;4508000;4662800
1705;4503100;4664400
1706;4503600;4667900
1707;4253400;3984800
1708;4251200;3983100
1709;4251300;3983400
1710;4251100;3983900
1711;4251200;3984200
1712;4252500;3985500
1713;4251000;3984300
1714;4251000;3985000
1715;4251400;3985500
1716;4253800;3985200
1717;4293300;4374000
1718;4292900;4373600
1719;4290600;4373000
1720;4288900;4371500
1721;4289300;4374800
1722;4289900;4374900
1723;4286800;4370400
1724;4287400;4370800
1725;4288400;4374700
1726;4287900;4373800
1727;4109400;3947000
1728;4111800;3943500
1729;4112800;3946200
1730;4114500;3944800
1731;4121000;3949000
1732;4118400;3950500
1733;4120200;3948800
1734;4121900;3943600
1735;4120600;3945700
1736;4119400;3951600
1737;4718900;5093600
1738;4716400;5106700
1739;4720000;5093300
1740;4719700;5092600
1741;4718200;5088900
1742;4721700;5089400
1743;4721300;5088100
1744;4724500;5090200
1745;4725600;5089400
1746;4716700;5108400
1747;4228300;4089100
1748;4224200;4086900
1749;4230100;4087000
1750;4224200;4085000
1751;4224900;4082800
1752;4232200;4088100
1753;4228800;4084000
1754;4230300;4085500
1755;4435600;4328100
1756;4434700;4328000
1757;4436900;4326200
1758;4433600;4328100
1759;4436200;4322700
1760;4433400;4324600
1761;4429700;4335200
1762;4432200;4335600
1763;4435900;4334900
1764;4437000;4333800
1765;5123900;4204100
1766;4986600;4206900
1767;5003400;4178500
1768;4997700;4189000
1769;5005900;4192000
1770;5004900;4188200
1771;4997600;4184900
1772;4938200;4259200
1773;4942400;4269100
1774;5002000;4144600
1775;5053800;4151200
1776;5056700;4155900
1777;5120600;4200700
1778;5121800;4204200
1779;4751000;5138700
1780;5136800;4211200
1781;5134700;4209700
1782;5145000;4204900
1783;5142600;4215600
1784;5147200;4236000
1785;5195500;4255500
1786;5193400;4256000
1787;5202400;4255400
1788;5200800;4255900
1789;5098800;4238800
1790;5099100;4236800
1791;5145800;4270900
1792;5125700;4308700
1793;5113700;4306300
1794;5074300;4309800
1795;5066300;4321100
1796;5078600;4308600
1797;5072900;4315200
1798;5070400;4315800
1799;5072600;4309500
1800;5009000;4316700
1801;4987000;4388400
1802;4988700;4388000
1803;4987100;4385000
1804;4985600;4388200
1805;4987100;4387900
1806;5067700;4423100
1807;5066700;4424600
1808;5222300;4671500
1809;5341900;4423000
1810;5321200;4456400
1811;5327800;4557200
1812;5330200;4557300
1813;5342800;4560100
1814;5251600;4562800
1815;5297500;4568400
1816;5261900;4593200
1817;5017100;4709000
1818;5045400;4713500
1819;5062500;4736500
1820;5050000;4747500
1821;5051700;4746800
1822;5050700;4745000
1823;5048700;4745500
1824;5029300;4763200
1825;5129400;4845500
1826;5157300;4844400
1827;4990200;4811300
1828;5182800;4882800
1829;5183300;4872700
1830;5173000;4885400
1831;5180300;4883300
1832;5175200;4889300
1833;5019200;4900200
1834;5018500;4898400
1835;5087500;4940800
1836;5087500;4937400
1837;5093700;4950200
1838;5087800;4958100
1839;5078100;4952100
1840;5092100;4958400
1841;5012500;5054400
1842;5023800;5090500
1843;5034900;5094300
1844;5036900;5097600
1845;5012900;5112600
1846;5035600;5280000
1847;5030100;5278900
1848;5027200;5272400
1849;5027400;5281300
1850;4768600;5121200
1851;4770300;5118900
1852;4749600;5136600
1853;4748800;5138200
1854;5158400;4245000
1855;5161700;4238700
1856;5160200;4240000
1857;5095200;4185800
1858;5088500;4187500
1859;5089600;4184800
1860;4987600;4217700
1861;4991500;4218100
1862;4988700;4216000
1863;4946900;4333400
1864;4947700;4332000
1865;4950000;4332400
1866;4922000;4503700
1867;4921300;4499200
1868;4919300;4499600
1869;5003800;4492300
1870;5008200;4495900
1871;5004900;4494600
1872;5130800;4454100
1873;5134500;4451900
1874;5132700;4449800
1875;5293100;4624700
1876;5290300;4627000
1877;5290300;4624400
1878;5384200;4572900
1879;5384100;4570200
1880;5379400;4568600
1881;5314100;4516200
1882;5314100;4522700
1883;5311600;4519600
1884;5036300;4352500
1885;5039300;4350300
1886;5040200;4347000
1887;5224500;4807100
1888;5227600;4807300
1889;5200700;4872600
1890;5197500;4874700
1891;5198300;4872300
1892;5093300;4914000
1893;5089800;4915300
1894;5092700;4910700
1895;5005300;4828500
1896;5003900;4832300
1897;5115100;4827900
1898;5114800;4831700
1899;5113600;4829200
1900;5150400;4732200
1901;5148500;4729800
1902;5151100;4730600
1903;5014500;4735300
1904;5011800;4729900
1905;5049500;4710600
1906;5049300;4707400
1907;5053200;4713000
1908;5256100;4327800
1909;4977400;4937600
1910;5063700;4997600
1911;5065800;4995900
1912;5066900;4997800
1913;4999700;5304200
1914;5003100;5301400
1915;5001300;5302100
1916;4868100;5065800
1917;4865200;5067800
1918;5120600;4234600
1919;5121000;4231900
1920;5117900;4233800
1921;5151300;4311700
1922;5148200;4308500
1923;5151100;4307000
1924;5128200;4203600
1925;5124600;4206300
1926;5256800;4283900
1927;5256400;4285900
1928;5260000;4289800
1929;5302900;4385700
1930;5307000;4388300
1931;5301100;4390800
1932;5313800;4446100
1933;5318500;4446800
1934;5318800;4448900
1935;5371400;4505700
1936;5372000;4503100
1937;5372700;4507000
1938;5268000;4497100
1939;5271400;4495000
1940;5272600;4495600
1941;5242400;4579500
1942;5240500;4581400
1943;5241900;4583400
1944;5166600;4563800
1945;5163400;4560100
1946;5167200;4460800
1947;5168700;4462400
1948;5173200;4461900
1949;5113600;4405700
1950;5115000;4407100
1951;5119300;4402900
1952;5081200;4436100
1953;5075200;4439000
1954;5078100;4436100
1955;5088500;4511600
1956;5094900;4511900
1957;5097100;4510400
1958;5041100;4529800
1959;5038600;4531700
1960;5035200;4534900
1961;4962400;4505700
1962;4957900;4502500
1963;4958000;4508700
1964;4980900;4410300
1965;4983700;4410100
1966;5040600;4608700
1967;5042500;4608800
1968;5042000;4607100
1969;5260700;4688300
1970;5262800;4687300
1971;5263000;4689300
1972;5191800;4733900
1973;5193500;4733900
1974;5202700;4781500
1975;5201500;4781300
1976;5201600;4779800
1977;5176700;4892600
1978;5176000;4893600
1979;5174900;4892800
1980;5017700;4802800
1981;5017200;4804000
1982;4974600;4817500
1983;4972800;4814000
1984;4973100;4818100
1985;4964100;4997600
1986;4962600;4998800
1987;4918900;5017000
1988;4921700;5014900
1989;4920900;5018100
1990;4934500;5082300
1991;4931500;5082300
1992;4933700;5077100
1993;4874100;5108500
1994;4875200;5106700
1995;4876900;5108800
1996;4982100;5145600
1997;4986200;5148300
1998;4985100;5142900
1999;5032200;5155200
2000;5031900;5152300
2001;5032500;5159100
2002;5068100;5048500
2003;5066700;5051500
2004;5065900;5048200
2005;5134500;4977200
2006;5036100;4930600
2007;5032500;4932500
2008;5035700;4927300
2009;5065600;4363900
2010;5071100;4363300
2011;5076100;4362800
2012;5081600;4361700
2013;5092400;4360800
2014;5067000;4377900
2015;5073000;4377200
2016;5078800;4376500
2017;5084700;4375800
2018;4878300;4165900
2019;4876600;4171200
2020;4877900;4169500
2021;4889300;4139700
2022;4885400;4143300
2023;5146200;4664200
2024;5147900;4664300
2025;4944800;4866800
2026;4940000;4865400
2027;4941800;4867400
2028;4773100;5117900
2029;4771600;5119000
2030;4767600;5121400
2031;4990500;5247900
2032;4988500;5249500
2033;4985700;5251100
2034;4986200;5204600
2035;4987900;5208000
2036;4988100;5205400
2037;5154900;4643400
2038;5156000;4642800
2039;4907100;4492200
2040;4948200;4317600
2041;5050000;4337600
2042;4994000;4208500
2043;5135000;4440800
2044;5213500;4534700
2045;5162800;4302800
2046;4983800;4385300
2047;5015000;4827500
2048;5016800;4825100
2049;5014800;4823800
2050;5013800;4827200
2051;5043500;4821500
2052;4829900;5086200
2053;5042200;4823700
2054;5332500;4465800
2055;5016900;4806200
2056;4996400;4814900
2057;4990800;4806200
2058;5081700;4201100
2059;5178700;4287700
2060;5211500;4644900
2061;5022800;4380000
2062;5023100;4378400
2063;5024700;4379700
2064;5024000;4380900
2065;5022000;4384800
2066;5023000;4381900
2067;5022300;4381500
2068;5023400;4384300
2069;5025300;4381100
2070;5027700;4377900
2071;5027300;4379000
2072;5106000;4502800
2073;5105100;4504000
2074;5103600;4503300
2075;5105100;4502000
2076;5104500;4500900
2077;5105300;4503000
2078;5351600;4602300
2079;5351900;4601300
2080;5350800;4598700
2081;5349300;4597900
2082;5351300;4597100
2083;5351800;4601900
2084;5353300;4603100
2085;5351000;4603200
2086;5347100;4599900
2087;5353000;4596000
2088;5349900;4600400
2089;5354800;4604900
2090;5351500;4604900
2091;5355800;4598500
2092;5348600;4598700
2093;5358600;4596400
2094;5354800;4598900
2095;5358100;4597100
2096;5357100;4598300
2097;5298700;4714600
2098;5298900;4712200
2099;5298600;4706800
2100;5151200;4903800
2101;5151000;4901300
2102;5142300;4897900
2103;5263600;4743900
2104;5196000;4343900
2105;5195100;4346600
2106;5193400;4346300
2107;5191800;4343800
2108;5191200;4345000
2109;5047800;4788300
2110;5002000;4507600
2111;4590600;4188400
2112;4494600;3857800
2113;4503700;3867200
2114;4710000;4122600
2115;4787300;4056500
2116;4442400;3860300
2117;4442300;3862600
2118;4442800;3861100
2119;4442100;3862400
2120;4439700;3865100
2121;4774700;4015600
2122;4768100;4053000
2123;4771300;4051400
2124;4577100;3873000
2125;4754600;4035100
2126;4764400;4074500
2127;4537100;3714000
2128;4479200;3707200
2129;4486900;3702100
2130;4493100;3705600
2131;4449100;3865400
2132;4445800;3868800
2133;4641800;4005500
2134;4720200;3699000
2135;4758000;4115400
2136;4454100;3796100
2137;4735100;3979900
2138;4784500;4045700
2139;4589700;4529900
2140;4594400;4540500
2141;4602800;4543500
2142;4843400;4643600
2143;4583000;4451000
2144;4598800;3835300
2145;4752200;4103200
2146;4524000;3801800
2147;4672700;3688800
2148;4768600;4031700
2149;4768200;4031800
2150;4768300;4028200
2151;4858200;3902500
2152;4862800;3906700
2153;4870200;3909400
2154;4861500;3899700
2155;4863200;3909000
2156;4767400;4028500
2157;4769400;4030900
2158;4451200;3851800
2159;4739300;4104800
2160;4739200;4106300
2161;4734600;4104500
2162;4733300;4103100
2163;4589800;3624700
2164;4593800;3616000
2165;4576900;3632600
2166;4755200;4060600
2167;4563200;3861900
2168;4571300;3856300
2169;4569700;3860000
2170;4576500;3888200
2171;4427400;3886400
2172;4587800;4167400
2173;4598200;4537500
2174;4530400;4593600
2175;4587700;4536700
2176;4533500;4592600
2177;4534800;4588000
2178;4529500;4591000
2179;4525400;4591400
2180;4603500;4535800
2181;4529600;4594200
2182;4597800;4538000
2183;4522600;4657500
2184;4626400;4005900
2185;4648200;4196800
2186;4746900;4102800
2187;4760500;4081000
2188;4620800;4031900
2189;4481100;4120900
2190;4558200;4463200
2191;4558500;4463100
2192;4714200;3724900
2193;4686000;5049400
2194;4683500;5051100
2195;4677600;3702900
2196;4786800;4062100
2197;4650100;3936100
2198;4650600;3915400
2199;4663300;3952200
2200;4627900;3938700
2201;4680100;3941400
2202;4755300;5007600
2203;4747500;4150800
2204;4598300;3911300
2205;4489200;3710300
2206;4519300;3693800
2207;4658500;4407800
2208;4703200;4263900
2209;4611500;3798900
2210;4626700;3774000
2211;4657200;3759800
2212;4614200;3740700
2213;4654400;3791100
2214;4587600;3760400
2215;4605100;3771000
2216;4736400;3785000
2217;4691300;3748200
2218;4658700;3919900
2219;4649900;3931700
2220;4582500;4299600
2221;4757300;4150700
2222;4792100;4053000
2223;4601900;4193000
2224;4663900;4024100
2225;4664700;4149900
2226;4624200;4194100
2227;4807100;4056000
2228;4450000;4000600
2229;4672900;3692100
2230;4760400;4039600
2231;4464900;3763600
2232;4672400;4122900
2233;4657700;4154300
2234;4781500;4102700
2235;4666400;3777600
2236;4667800;3775500
2237;4651200;3775000
2238;4715400;4125500
2239;4461200;3933200
2240;4548900;3683500
2241;4739200;3787500
2242;4740400;3793600
2243;4623800;4043500
2244;4537200;3767900
2245;4611400;3851000
2246;4608500;3858100
2247;4460600;3901700
2248;4804100;4083500
2249;4776900;4057000
2250;4665300;4014700
2251;4718800;4190500
2252;4668300;4320200
2253;4664000;4334300
2254;4550500;3654300
2255;4813900;3861200
2256;4811000;3825500
2257;4643700;4195500
2258;4464400;3853300
2259;4781500;4079000
2260;4779600;4080100
2261;4516000;3636100
2262;4516900;3636000
2263;4609100;3823500
2264;4579300;3636400
2265;4819000;4566400
2266;4824100;4566800
2267;4818600;4566900
2268;4811200;4136700
2269;4815700;4130100
2270;4781800;4077700
2271;4579700;4037900
2272;4862200;4730400
2273;4474000;3897700
2274;4664900;3923200
2275;4475200;3880800
2276;4464100;3820300
2277;4464900;3822100
2278;4573700;3849600
2279;4585600;3878300
2280;4777900;4055400
2281;4628800;4050500
2282;4449500;3981500
2283;4448800;3982900
2284;4448100;3985100
2285;4448800;3983700
2286;4827400;4118600
2287;4776000;4068600
2288;4615200;4172500
2289;4624800;4162400
2290;4673200;4084400
2291;4668600;4080600
2292;4793800;4077300
2293;4602800;3822000
2294;4599200;3820700
2295;4604400;3820400
2296;4481400;3870200
2297;4481300;3870200
2298;4485100;3868700
2299;4470800;3871200
2300;4480200;3873700
2301;4485100;3878000
2302;4414400;3908700
2303;4900100;4802500
2304;4901200;4796900
2305;4869500;4790100
2306;4867800;4799800
2307;4541700;3648600
2308;4602600;3926400
2309;4669400;4173200
2310;4540400;3934500
2311;4537500;3939100
2312;4690100;3978900
2313;4691400;3978800
2314;4793000;4040400
2315;4608700;4057300
2316;4602600;4057000
2317;4656100;3971900
2318;4615100;4576700
2319;4461400;3813600
2320;4515500;3619300
2321;4593400;3617700
2322;4488900;3832000
2323;4539600;3659800
2324;4624900;3784900
2325;4630100;3797300
2326;4463800;3874700
2327;4527200;4174700
2328;4605900;4429000
2329;4790400;4048100
2330;4790500;4046200
2331;4762100;4058300
2332;4549100;4478300
2333;4555700;4478500
2334;4443000;3846300
2335;4864900;4784700
2336;4567900;3774500
2337;4680300;4045300
2338;4631100;4091800
2339;4633500;4100500
2340;4655100;3745900
2341;4757800;4007800
2342;4750300;4033500
2343;4661500;3848700
2344;4756200;4540200
2345;4571900;4524300
2346;4809300;4554500
2347;4805400;4056000
2348;4671900;3949800
2349;4568000;3766300
2350;4532900;3902200
2351;4532200;3891400
2352;4446100;3872800
2353;4622400;4732200
2354;4626000;3752500
2355;4629500;3762900
2356;4768300;4114400
2357;4787800;4113800
2358;4684500;4095600
2359;4696100;4071600
2360;4704500;3800200
2361;4703500;3812900
2362;4710900;3787100
2363;4517900;3815200
2364;4795800;4840400
2365;4750100;4484700
2366;4736900;4475100
2367;4590800;3690700
2368;4791400;4047100
2369;4543600;4034800
2370;4404800;3932100
2371;4405900;3932400
2372;4396500;3933300
2373;4404000;3934700
2374;4407900;3921200
2375;4418300;3952900
2376;4404600;3932500
2377;4447100;3812900
2378;4452500;4088300
2379;4806400;4090100
2380;4707500;3755000
2381;4629500;4381600
2382;4643100;4388500
2383;4630000;4400000
2384;4635700;4371600
2385;4451000;3805900
2386;4626700;3705100
2387;4609000;3676700
2388;4642300;3691600
2389;4640400;3689300
2390;4493800;3830900
2391;4702600;3739200
2392;4727600;3744500
2393;4495600;4476800
2394;4506900;4472100
2395;4508100;4470700
2396;4507800;4470900
2397;4493100;3737100
2398;4742800;3985900
2399;4566200;3742100
2400;4549100;3920200
2401;4701800;3737800
2402;4709600;3746200
2403;4709600;3746300
2404;4709400;3746500
2405;4546700;3714400
2406;4671300;4111300
2407;4663600;4111600
2408;4457700;3822100
2409;4850600;4780800
2410;4547700;3923100
2411;4678100;4472100
2412;4678000;4470600
2413;4722200;3877000
2414;4854900;4797800
2415;4844400;4792600
2416;4843500;4795300
2417;4860600;4798900
2418;4861500;4779600
2419;4852600;4721600
2420;4851400;4729000
2421;4844600;4733500
2422;4840600;4738200
2423;4872300;4809300
2424;4873100;4807000
2425;4882900;4804100
2426;4864900;4793100
2427;4935100;4893500
2428;4931400;4881800
2429;4930600;4865600
2430;4953600;4835200
2431;4918700;4804600
2432;4910300;4811000
2433;4875800;4788700
2434;4867300;4761200
2435;4712200;4120500
2436;4720900;4124900
2437;4523000;3611800
2438;4532200;3649700
2439;4618200;3725700
2440;4571700;3723000
2441;4475700;3690100
2442;4477400;3689400
2443;4479900;3686700
2444;4531100;3624100
2445;4657000;3695200
2446;4653800;3696100
2447;4792400;4036600
2448;4514000;3624000
2449;4539500;3626900
2450;4833900;4563900
2451;4688000;4467500
2452;4682100;4473300
2453;4849200;4803000
2454;4487300;3849500
2455;4575200;3820100
2456;4563200;3830500
2457;4508000;3914400
2458;4511300;3905900
2459;4516200;3910600
2460;4505200;3912100
2461;4784700;4082900
2462;4662500;4074200
2463;4747200;4102100
2464;4504800;4053800
2465;4505000;4053400
2466;4635000;4634900
2467;4754700;4707800
2468;4837900;3861000
2469;4781200;4084200
2470;4738100;4103700
2471;4726500;4102900
2472;4696800;4133500
2473;4750400;4096600
2474;4730900;4112800
2475;4670000;4119700
2476;4484400;3672500
2477;4510300;3689400
2478;4569500;3825400
2479;4552600;4393700
2480;4687900;4061400
2481;4582000;3676400
2482;4592300;3665200
2483;4774200;4021200
2484;4475000;3994800
2485;4603500;3716400
2486;4854100;3847400
2487;4528600;3628900
2488;4723900;3968000
2489;4586700;3619900
2490;4664100;4912700
2491;4645300;4923400
2492;4686800;5048100
2493;4572900;3824700
2494;4892700;4768800
2495;4757800;4007600
2496;4759800;4040700
2497;4451300;3835700
2498;4497300;3857000
2499;4627500;3744900
2500;4629900;4100000
2501;4630400;4104200
2502;4666500;4673400
2503;4568900;4743400
2504;4657100;4113600
2505;4663800;4102400
2506;4679200;4059000
2507;4568000;3924200
2508;4784700;4043700
2509;4785600;4044100
2510;4594000;3923800
2511;4438000;3903100
2512;4437500;3903900
2513;4436700;3905200
2514;4589600;3623100
2515;4767700;4101800
2516;4769000;4103600
2517;4631400;3685700
2518;4670800;4097600
2519;4670600;4101400
2520;4514100;3622900
2521;4614800;4029400
2522;4613400;4031900
2523;4766200;4073300
2524;4763200;3992300
2525;4748700;4092600
2526;4673300;4108600
2527;4674800;4106700
2528;4767600;4652500
2529;4542300;3937900
2530;4500400;3853200
2531;4495400;3853300
2532;4535900;3607600
2533;4582000;3633200
2534;4651700;4005300
2535;4654600;4010600
2536;4669300;3743400
2537;4627400;4038100
2538;4720100;3698900
2539;4517700;4038400
2540;4533000;3915000
2541;4760700;4054400
2542;4858200;4780000
2543;4859600;4793800
2544;4831100;4562100
2545;4547800;3621600
2546;4654000;4165300
2547;4567300;3856500
2548;4755800;3997600
2549;4570900;3856700
2550;4746400;4103200
2551;4438000;3842700
2552;4444400;3841300
2553;4522700;3833700
2554;4682700;3750800
2555;4681500;3746700
2556;4612200;4027800
2557;4613700;4029100
2558;4537400;3735500
2559;4495300;3769400
2560;4479200;3753600
2561;4504600;3608900
2562;4436800;3842900
2563;4449700;3847800
2564;4449600;3848600
2565;4545500;3867700
2566;4664400;3913700
2567;4806600;4150700
2568;4555500;3755900
2569;4876200;4774500
2570;4869600;4775500
2571;4723300;4131900
2572;4682200;4061900
2573;4676900;4064300
2574;4638100;4101300
2575;4544000;3798100
2576;4535800;3804200
2577;4727900;4026700
2578;4449300;3851600
2579;4625800;4032200
2580;4575200;4058500
2581;4741400;4110700
2582;4753900;4142800
2583;4659000;3906200
2584;4778000;4065500
2585;4709100;3753700
2586;4521400;3624700
2587;4526100;3623500
2588;4533300;3624900
2589;4526900;3621500
2590;4537400;3591000
2591;4673200;4068100
